annee;code_essai;commune;numero_departement;modalite;BenR;StrR;CarR;TriS;TriLR;TriMR;TriR6;TriR7-R8;MDR;TriHR
2018;dajnciznzucbnz;Tourailles;41;TNT;80;90;0;0;0;80;20;60;0;20
2018;dajnciznzucbnz;Tourailles;41;TNT;85;95;0;0;5;75;15;60;0;20
2018;JR117;Teillé;44;TNT;35;100;0;0;0;75;15;60;0;25
2018;dajnciznzucbnz;Tourailles;41;TNT;90;100;0;0;0;85;20;65;0;15
2018;dajnciznzucbnz;Tourailles;41;TNT;90;100;0;0;0;95;0;95;0;5
2018;138773;Aubigny aux kaisnes;2;TNT;85;100;0;0;0;80;15;65;0;20
2018;138777;Aubigny aux kaisnes;2;TNT;90;100;0;0;0;90;5;85;0;10
2018;138777;Aubigny aux kaisnes;2;TNT;60;100;0;0;0;85;10;75;0;15
2018;LG 110;Fresnes en woevre;55;TNT;100;100;0;0;0;80;10;70;0;20
2018;FP18FRAC42ZEUI;Castelsarrasin;82;TNT;80;100;0;0;0;90;25;65;0;10
2018;FP18FRAC42ZEUI;Castelsarrasin;82;TR;100;100;0;0;0;90;0;90;0;10
2018;FP18FRAC42ZEUI;Castelsarrasin;82;TR;80;100;0;0;0;90;0;90;0;10
2018;FP18FRAC42ZEUI;Castelsarrasin;82;TR;75;100;0;0;0;100;10;90;0;0
2018;lcsjbhvcozhcbvbzjec;Tourailles;41;TNT;35;100;0;0;0;80;15;65;0;20
2018;lcsjbhvcozhcbvbzjec;Tourailles;41;TNT;45;100;0;0;5;75;15;60;0;20
2018;lcsjbhvcozhcbvbzjec;Tourailles;41;TR;20;100;0;0;10;85;5;80;0;5
2018;lcsjbhvcozhcbvbzjec;Tourailles;41;TR;80;100;0;0;0;70;20;50;0;30
2018;lcsjbhvcozhcbvbzjec;Tourailles;41;TR;80;100;0;0;0;90;30;60;0;10
2018;138778;Montans;81;TNT;75;100;0;0;0;85;25;60;0;15
2018;138778;Montans;81;TR;100;100;0;0;5;95;10;85;0;0
2018;138778;Montans;81;TR;90;80;0;0;0;100;10;90;0;0
2018;zbvchzjcjnaebcizbc;Villons les buissons;14;TNT;95;100;0;0;0;35;35;0;0;65
2018;FRANTF174;Marboué;28;TNT;90;95;0;0;0;85;20;65;5;10
2018;138776;Gilly Lés Cîteaux;21;TNT;90;100;0;0;0;85;5;80;5;10
2018;138776;Gilly Lés Cîteaux;21;TR;40;100;0;0;0;100;10;90;0;0
2018;138776;Gilly Lés Cîteaux;21;TR;50;100;0;0;10;70;0;70;0;20
2018;138776;Gilly Lés Cîteaux;21;TR;50;100;0;0;10;85;0;85;0;5
2018;CAT_5;La Rouxiere;44;TNT;80;100;0;0;0;20;20;0;0;80
2018;C75;Lusignan;86;TNT;50;100;0;0;0;20;20;0;0;80
2018;C75;Lusignan;86;TR;75;100;0;0;0;50;15;35;0;50
2018;C75;Lusignan;86;TR;80;100;0;0;0;75;10;65;0;25
2018;C75;Lusignan;86;TR;30;100;0;0;0;80;70;10;0;20
2018;C75;Lusignan;86;TR;50;100;0;0;0;50;30;20;0;50
2018;C75;Lusignan;86;TR;100;100;0;0;0;40;40;0;0;60
2018;C75;Lusignan;86;TR;100;100;0;0;0;70;25;45;0;30
2018;C75;Lusignan;86;TR;80;95;0;0;0;55;50;5;0;45
2018;C75;Lusignan;86;TR;90;100;0;0;0;70;70;0;0;30
2018;C75;Lusignan;86;TR;90;100;0;0;10;10;10;0;0;80
2018;C75;Lusignan;86;TR;60;100;0;0;5;45;45;0;0;50
2018;C75;Lusignan;86;TR;80;100;0;0;5;10;10;0;0;85
2018;C75;Lusignan;86;TR;80;95;0;0;0;45;45;0;0;55
2018;C75;Lusignan;86;TR;85;100;0;0;0;50;50;0;0;50
2018;GF136;Varois et Chaignot;21;TNT;90;100;0;0;0;85;15;70;5;10
2018;2018-10;Combertault;21;TNT;95;95;0;0;0;80;10;70;5;15
2018;2018-10;Combertault;21;TR;100;100;0;0;10;50;15;35;0;40
2018;2018-10;Combertault;21;TR;100;100;0;0;0;20;20;0;15;65
2018;2018-10;Combertault;21;TR;90;100;0;0;0;30;30;0;15;55
2018;2018-10;Combertault;21;TR;90;95;0;0;0;75;75;0;20;5
2018;2018-10;Combertault;21;TR;100;100;0;0;5;30;30;0;10;55
2018;2018-10;Combertault;21;TR;95;100;0;0;0;20;20;0;35;45
2018;2018-10;Combertault;21;TR;100;100;0;0;0;40;30;10;10;50
2018;143755;Varaize;17;TNT;100;100;0;0;0;50;50;0;0;50
2018;138790;Bignan;56;TNT;95;100;25;0;0;10;10;0;5;85
2018;138789;Bergerac;24;TNT;40;100;0;0;0;60;40;20;0;40
2018;138780;Bergerac;24;TNT;45;100;0;0;0;60;40;20;0;40
2018;138780;Bergerac;24;TNT;60;100;0;0;0;10;10;0;0;90
2018;138780;Bergerac;24;TNT;50;100;0;0;0;25;25;0;0;75
2018;144108;Saint Mathurin sur loire;49;TNT;45;100;0;0;0;50;50;0;0;50
2018;144108;Saint Mathurin sur loire;49;TR;60;100;0;0;0;20;20;0;0;80
2018;144108;Saint Mathurin sur loire;49;TR;100;100;0;0;0;70;15;55;0;30
2018;144108;Saint Mathurin sur loire;49;TR;95;100;0;0;0;70;50;20;0;30
2018;144108;Saint Mathurin sur loire;49;TR;100;100;0;0;0;30;30;0;0;70
2018;CAT_4;Juvigné;53;TNT;45;100;0;0;0;0;0;0;20;80
2018;143787;Le Subdray;18;TNT;70;90;0;0;0;75;20;55;0;25
2018;2018-17;Saint Nicolas les citeaux;21;TNT;65;100;0;0;0;60;50;10;30;10
2018;2018-17;Saint Nicolas les citeaux;21;TR;60;100;0;0;0;85;45;40;15;0
2018;2018-17;Saint Nicolas les citeaux;21;TR;50;100;0;0;0;50;25;25;25;25
2018;2018-17;Saint Nicolas les citeaux;21;TR;100;100;0;0;0;20;20;0;30;50
2018;2018-17;Saint Nicolas les citeaux;21;TR;40;100;0;0;0;50;40;10;10;40
2018;2018-17;Saint Nicolas les citeaux;21;TR;90;100;0;0;0;85;35;50;15;0
2018;127784;Mereville;91;TNT;70;100;0;0;0;85;15;70;15;0
2018;127784;Mereville;91;TR;90;100;0;0;0;100;10;90;0;0
2018;127784;Mereville;91;TR;95;100;0;0;0;95;15;80;5;0
2018;okjhgvchuqsvczuicvz;Chavagnes;49;;80;100;0;0;10;50;50;0;10;30
2018;okjhgvchuqsvczuicvz;Chavagnes;49;;75;100;0;0;0;65;65;0;0;35
2018;okjhgvchuqsvczuicvz;Chavagnes;49;;100;100;15;0;0;75;10;65;0;25
2018;okjhgvchuqsvczuicvz;Chavagnes;49;;10;100;0;0;0;50;10;40;0;50
2018;okjhgvchuqsvczuicvz;Chavagnes;49;;80;100;0;0;0;40;20;20;0;60
2018;okjhgvchuqsvczuicvz;Chavagnes;49;;40;100;0;0;0;85;20;65;0;15
2018;ZAN1;Medavy;61;;30;100;0;0;0;80;20;60;0;20
2018;ZAN1;Medavy;61;;30;100;0;0;0;75;15;60;0;25
2018;ZAN1;Medavy;61;;80;100;0;0;0;30;5;25;0;70
2018;127784;Isse;51;TNT;100;100;0;0;0;60;0;60;0;40
2018;127784;Isse;51;TR;100;100;0;0;0;85;0;85;0;15
2018;I3T14S1;Abbeville;80;TR;100;100;0;0;0;45;0;45;0;55
2018;138781;Aubigny aux kaisnes;2;TNT;100;100;0;0;0;60;0;60;0;40
2018;138781;Aubigny aux kaisnes;2;TR;100;100;0;0;0;95;5;90;0;5
2018;138781;Aubigny aux kaisnes;2;TR;100;100;0;0;0;90;0;90;0;10
2018;138773;Aubigny aux kaisnes;2;TNT;100;100;0;0;0;80;80;0;20;0
2018;138773;Aubigny aux kaisnes;2;TR;100;100;0;0;0;85;10;75;0;15
2018;138773;Aubigny aux kaisnes;2;TR;100;100;0;0;0;30;30;0;0;70
2018;138773;Aubigny aux kaisnes;2;TR;95;100;0;0;0;50;10;40;0;50
2018;138773;Aubigny aux kaisnes;2;TR;100;100;0;0;0;70;30;40;0;30
2018;143756;Cosse le vivien;53;TNT;60;100;0;0;10;20;20;0;0;70
2018;143757;Cosse le vivien;53;TR;50;100;5;0;0;20;20;0;0;80
2018;143758;Cosse le vivien;53;TR;50;100;0;0;0;10;10;0;0;90
2018;143759;Cosse le vivien;53;TR;100;100;0;0;10;55;30;25;0;35
2018;143760;Cosse le vivien;53;TR;60;100;0;0;10;30;30;0;0;60
2018;lkjhbvgbxhgdvczucguvc;Berville;76;TNT;70;100;0;0;0;25;25;0;10;65
2018;lkjhbvgbxhgdvczucguvc;Berville;76;TR;90;100;0;0;0;70;35;35;5;25
2018;lkjhbvgbxhgdvczucguvc;Berville;76;TR;100;100;0;0;0;75;30;45;0;25
2018;lkjhbvgbxhgdvczucguvc;Berville;76;TR;100;100;0;0;0;30;10;20;0;70
2018;lkjhbvgbxhgdvczucguvc;Berville;76;TR;100;100;0;0;0;30;10;20;0;70
2018;lkjhbvgbxhgdvczucguvc;Berville;76;TR;90;100;0;0;0;40;40;0;5;55
2018;lkjhbvgbxhgdvczucguvc;Berville;76;TR;95;100;0;0;10;0;0;0;10;80
2018;lkjhbvgbxhgdvczucguvc;Berville;76;TR;90;100;0;0;0;50;20;30;20;30
2018;lkjhbvgbxhgdvczucguvc;Berville;76;TR;90;100;0;0;0;40;40;0;10;50
2018;lkjhbvgbxhgdvczucguvc;Berville;76;TR;100;100;0;0;5;10;10;0;0;85
2018;lkjhbvgbxhgdvczucguvc;Berville;76;TR;90;100;33;0;0;40;40;0;0;60
2018;lkjhbvgbxhgdvczucguvc;Berville;76;TR;95;100;15;0;0;50;30;20;5;45
2018;lkjhbvgbxhgdvczucguvc;Berville;76;TR;100;100;15;0;0;40;40;0;5;55
2018;lkjhbvgbxhgdvczucguvc;Berville;76;TR;100;100;0;0;0;50;15;35;0;50
2018;MA118;Tourrenquets;32;;45;100;0;0;0;70;20;50;0;30
2018;138774;Vitot;27;TNT;100;100;0;0;0;60;25;35;0;40
2018;138774;Vitot;27;TR;100;100;0;0;0;80;50;30;0;20
2018;138774;Vitot;27;TR;90;100;0;0;0;10;10;0;13;77
2018;138774;Vitot;27;TR;100;100;0;0;0;20;20;0;0;80
2018;138775;Vitot;27;;100;100;0;0;0;20;20;0;0;80
2018;jvbzuvbehduzhd;Abbeville;80;;100;100;0;0;0;60;50;10;40;0
2018;jvbzuvbehduzhd;Abbeville;80;;100;100;0;0;0;80;30;50;10;10
2018;143772;Inchy en artois;62;TNT;90;100;0;0;0;30;20;10;10;60
2018;143772;Inchy en artois;62;TR;100;100;0;0;0;20;20;0;10;70
2018;143772;Inchy en artois;62;TR;60;100;0;0;10;10;10;0;10;70
2018;143772;Inchy en artois;62;TR;90;100;0;0;0;30;30;0;25;45
2018;143772;Inchy en artois;62;TR;100;100;0;0;0;10;10;0;27;63
2018;138695;Châlons en champagne;51;TNT;100;100;0;0;0;90;15;75;0;10
2018;143753;Saint martin des champs;78;TNT;90;100;0;0;5;55;0;55;0;40
2018;143753;Saint martin des champs;78;TR;100;100;0;0;0;20;20;0;15;65
2018;143753;Saint martin des champs;78;TR;50;100;0;0;0;20;20;0;15;65
2018;143753;Saint martin des champs;78;TR;50;100;0;0;0;60;20;40;0;40
2018;143753;Saint martin des champs;78;TR;90;100;0;0;0;40;20;20;10;50
2018;pcniznjnzenfrvjevh;Isomes;52;TNT;25;100;0;0;0;90;30;60;0;10
2018;pcniznjnzenfrvjevh;Isomes;52;TR;50;100;0;0;0;30;30;0;15;55
2018;pcniznjnzenfrvjevh;Isomes;52;TR;70;100;0;0;0;85;15;70;15;0
2018;pcniznjnzenfrvjevh;Isomes;52;TR;100;100;0;0;0;90;10;80;0;10
2018;pcniznjnzenfrvjevh;Isomes;52;TR;80;100;0;0;0;65;25;40;20;15
2018;127784;Chouday;36;TNT;90;100;0;0;5;65;20;45;0;30
2018;143777;La ferté chevresis;2;TNT;95;100;0;0;0;40;40;0;5;55
2018;143777;La ferté chevresis;2;TR;100;100;0;0;0;80;40;40;5;15
2018;143777;La ferté chevresis;2;TR;100;100;0;0;0;80;20;60;20;0
2018;143777;La ferté chevresis;2;TR;100;100;0;0;0;70;20;50;30;0
2018;143777;La ferté chevresis;2;TR;75;100;0;0;0;80;50;30;20;0
2018;138781;Aubigny aux kaisnes;2;TNT;80;100;0;0;0;70;45;25;10;20
2018;138781;Aubigny aux kaisnes;2;TR;100;100;0;0;0;10;10;0;5;85
2018;138781;Aubigny aux kaisnes;2;TR;70;100;0;0;0;10;10;0;15;75
2018;138781;Aubigny aux kaisnes;2;TR;20;10;0;0;0;10;10;0;90;0
2018;138781;Aubigny aux kaisnes;2;TR;40;100;0;0;0;80;20;60;15;5
2018;138781;Aubigny aux kaisnes;2;TR;90;100;0;0;0;10;10;0;10;80
2018;B26;Coulommiers;77;TNT;80;95;0;0;0;70;50;20;10;20
2018;B26;Coulommiers;77;TR;90;100;0;0;0;90;20;70;0;10
2018;B26;Coulommiers;77;TR;80;100;0;0;0;20;20;0;30;50
2018;B26;Coulommiers;77;TR;70;100;0;0;0;70;15;55;0;30
2018;B26;Coulommiers;77;TR;70;100;0;0;0;90;0;90;0;10
2018;B26;Coulommiers;77;TR;90;100;0;0;0;65;20;45;10;25
2018;E90;Marchelepot;80;TNT;90;100;0;0;0;60;40;20;8;32
2018;E90;Marchelepot;80;TR;95;100;0;0;0;20;20;0;10;70
2018;E90;Marchelepot;80;TR;90;100;0;0;0;0;0;0;0;100
2018;E90;Marchelepot;80;TR;100;100;0;0;0;60;40;20;0;40
2018;E90;Marchelepot;80;TR;100;100;0;0;0;65;65;0;0;35
2018;E90;Marchelepot;80;TR;100;100;0;0;0;10;10;0;40;50
2018;E90;Marchelepot;80;TR;100;100;0;0;0;0;0;0;25;75
2018;E90;Marchelepot;80;TR;90;100;0;0;0;30;30;0;70;0
2018;E90;Marchelepot;80;TR;95;100;0;0;0;15;15;0;10;75
2018;E90;Marchelepot;80;TR;100;100;0;0;0;10;10;0;18;72
2018;E90;Marchelepot;80;TR;100;100;0;0;0;0;0;0;15;85
2018;ofbjzbacujbaoaefoihaebh;Bucy saint liphard;45;TR;70;100;0;0;0;70;20;50;0;30
2018;ofbjzbacujbaoaefoihaebh;Bucy saint liphard;45;;95;100;0;0;0;60;15;45;0;40
2018;ofbjzbacujbaoaefoihaebh;Bucy saint liphard;45;;85;100;0;0;0;65;25;40;0;35
2018;ofbjzbacujbaoaefoihaebh;Bucy saint liphard;45;;80;100;0;0;10;70;40;30;20;0
2018;ofbjzbacujbaoaefoihaebh;Bucy saint liphard;45;;80;100;0;0;0;60;30;30;18;22
2018;ofbjzbacujbaoaefoihaebh;Bucy saint liphard;45;;70;100;0;0;5;35;35;0;60;0
2018;ofbjzbacujbaoaefoihaebh;Bucy saint liphard;45;;50;100;0;0;0;50;50;0;18;32
2018;ofbjzbacujbaoaefoihaebh;Bucy saint liphard;45;;60;100;0;0;0;10;10;0;55;35
2018;jkzbjzdbzjkzn;Berneville;62;TNT;90;100;0;0;0;60;40;20;40;0
2018;jkzbjzdbzjkzn;Berneville;62;TR;70;100;0;0;0;10;10;0;60;30
2018;jkzbjzdbzjkzn;Berneville;62;TR;95;100;0;0;0;10;10;0;10;80
2018;jkzbjzdbzjkzn;Berneville;62;TR;85;100;0;0;0;30;30;0;30;40
2018;143754;Saint Grégoire;35;TNT;70;100;15;0;0;10;10;0;0;90
2018;143754;Saint Grégoire;35;TR;70;100;30;0;0;10;10;0;35;55
2018;143754;Saint Grégoire;35;TR;90;100;30;0;0;0;0;0;18;82
2018;143754;Saint Grégoire;35;TR;90;100;20;0;0;20;20;0;5;75
2018;143754;Saint Grégoire;35;TR;90;100;40;0;0;20;20;0;10;70
2018;138693;Vievy-le-Rayé;41;TNT;85;100;0;0;5;70;15;55;0;25
2018;138693;Vievy-le-Rayé;41;TR;80;80;0;0;0;90;80;10;10;0
2018;138693;Vievy-le-Rayé;41;TR;95;100;0;0;0;80;20;60;0;20
2018;138694;Vievy-le-Rayé;41;TR;85;100;0;0;0;30;20;10;0;70
2018;138693;Vievy-le-Rayé;41;TR;90;100;0;0;0;90;10;80;0;10
2018;138693;Vievy-le-Rayé;41;TR;100;100;0;0;0;10;10;0;0;90
2018;G26;Beauval en caux;76;;100;100;10;0;0;0;0;0;0;100
2018;G26;Beauval en caux;76;;100;100;20;0;0;0;0;0;0;100
2018;G26;Beauval en caux;76;;100;100;15;0;0;0;0;0;0;100
2018;G26;Beauval en caux;76;;100;100;10;0;0;0;0;0;0;100
2018;G26;Beauval en caux;76;;100;100;5;0;0;0;0;0;0;100
2018;G26;Beauval en caux;76;;100;100;30;0;0;5;5;0;0;95
2018;G26;Beauval en caux;76;;100;100;30;0;0;5;5;0;0;95
2018;G26;Beauval en caux;76;;30;100;60;0;0;0;0;0;0;100
2018;G26;Beauval en caux;76;;95;100;15;0;0;0;0;0;15;85
2018;G26;Beauval en caux;76;;100;100;0;0;0;15;15;0;20;65
2018;FP18FRAC75LED1-01;Arcay;18;;90;100;0;0;0;80;80;0;0;20
2018;FP18FRAC75LED1-02;Arcay;18;;70;100;0;0;0;10;10;0;0;90
2018;FP18FRAC75LED1-04;Arcay;18;;90;100;0;0;0;0;0;0;15;85
2018;FP18FRAC75LED1-11;Arcay;18;;100;95;0;0;0;10;0;10;0;90
2018;FP18FRAC75LED1-13;Arcay;18;;90;100;0;0;0;10;10;0;0;90
2018;FP18FRAC75LED1-14;Arcay;18;;100;100;0;0;0;20;20;0;0;80
2018;143775;Villers bocage;80;TNT;90;100;0;0;0;20;20;0;0;80
2018;SEV_2;Etrepy;51;TNT;95;90;0;0;5;5;5;0;0;90
2018;SEV_3;Erneville aux bois;55;TNT;85;100;0;0;0;80;20;60;20;0
2018;127784;Dampierre sur avre;28;TNT;80;100;0;0;0;20;20;0;20;60
2018;127784;Dampierre sur avre;28;TR;80;100;0;0;0;10;10;0;25;65
2018;127784;Dampierre sur avre;28;TR;90;100;0;0;0;5;5;0;25;70
2018;127784;Dampierre sur avre;28;TR;90;100;0;0;0;5;5;0;65;30
2018;127784;Dampierre sur avre;28;TR;85;100;10;0;0;20;20;0;15;65
2018;GC2;Frévin capelle;62;TNT;95;100;0;0;0;40;40;0;15;45
2018;GC2;Frévin capelle;62;;95;100;20;0;0;10;10;0;10;80
2018;GC2;Frévin capelle;62;;90;100;0;0;0;5;5;0;7;88
2018;GC2;Frévin capelle;62;;95;100;0;0;0;0;0;0;15;85
2018;GC2;Frévin capelle;62;;95;100;0;0;0;0;0;0;0;100
2018;GC2;Frévin capelle;62;;95;100;0;0;0;10;10;0;0;90
2018;GN9;Marchelepot;80;TNT;95;100;5;0;0;0;0;0;0;100
2018;GN9;Marchelepot;80;;100;100;15;0;0;20;20;0;30;50
2018;GN9;Marchelepot;80;TR;95;100;10;0;0;0;0;0;45;55
2018;GN9;Marchelepot;80;TR;95;100;0;0;0;0;0;0;25;75
2018;GN9;Marchelepot;80;TR;95;100;0;0;0;0;0;0;40;60
2018;GN9;Marchelepot;80;TR;95;100;0;0;0;0;0;0;60;40
2018;226;Neuville saint vaast;62;TNT;100;100;0;0;0;10;10;0;15;75
2018;226;Neuville saint vaast;62;TR;100;100;0;0;0;0;0;0;0;100
2018;226;Neuville saint vaast;62;;95;100;0;0;0;0;0;0;0;100
2018;226;Neuville saint vaast;62;TR;100;100;0;0;0;15;15;0;10;75
2018;226;Neuville saint vaast;62;TR;100;100;0;0;0;5;5;0;15;80
2018;226;Neuville saint vaast;62;TR;100;100;0;0;0;0;0;0;15;85
2018;226;Neuville saint vaast;62;TR;100;100;0;0;0;0;0;0;15;85
2018;226;Neuville saint vaast;62;TR;100;100;25;0;0;5;5;0;15;80
2018;226;Neuville saint vaast;62;TR;100;100;0;0;0;0;0;0;15;85
2018;226;Neuville saint vaast;62;TR;100;100;0;0;0;10;10;0;15;75
2018;226;Neuville saint vaast;62;TR;100;100;0;0;0;10;10;0;10;80
2018;226;Neuville saint vaast;62;TR;100;100;20;0;0;0;0;0;37;63
2018;FP18FRAC42LED1-02;Arcay;18;;85;100;0;0;0;30;15;15;10;60
2018;FP18FRAC42LED1-03;Arcay;18;;80;100;0;0;0;10;10;0;15;75
2018;FP18FRAC42LED1-04;Arcay;18;;85;100;10;0;0;30;30;0;18;52
2018;138779;La Cheppe;51;TNT;70;100;0;0;0;0;0;0;0;100
2018;138779;La Cheppe;51;TR;80;85;0;0;0;20;20;0;20;60
2018;Z36;Ploermel;56;TNT;80;100;0;0;0;60;50;10;10;30
2018;Z36;Ploermel;56;;80;90;0;0;0;0;0;0;50;50
2018;Z36;Ploermel;56;;80;95;0;0;0;0;0;0;100;0
2018;Z36;Ploermel;56;TR;90;90;0;0;0;0;0;0;100;0
2018;Z36;Ploermel;56;TR;80;100;0;0;0;70;30;40;30;0
2018;Z36;Ploermel;56;TR;80;100;30;0;0;20;20;0;10;70
2018;Z36;Ploermel;56;TR;60;100;0;0;0;0;0;0;15;85
2018;Z36;Ploermel;56;TR;60;100;0;0;0;0;0;0;30;70
2018;Z36;Ploermel;56;TR;80;100;0;0;0;10;10;0;10;80
2018;Z36;Ploermel;56;TR;50;100;0;0;0;20;20;0;20;60
2018;Z36;Ploermel;56;TR;90;100;35;0;0;10;10;0;35;55
2018;Z36;Ploermel;56;TR;20;100;0;0;0;5;5;0;85;10
2018;Z36;Ploermel;56;TR;15;100;10;0;0;0;0;0;0;100
2018;K58;Louvigny;14;TNT;95;100;10;0;0;50;20;30;10;40
2018;K58;Louvigny;14;TR;100;100;0;0;0;0;0;0;0;100
2018;K58;Louvigny;14;TR;90;100;10;0;0;0;0;0;15;85
2018;K58;Louvigny;14;TR;100;100;10;0;0;0;0;0;10;90
2018;K58;Louvigny;14;TR;100;100;0;0;0;10;0;10;0;90
2018;K58;Louvigny;14;TR;100;100;0;0;0;30;30;0;15;55
2018;K58;Louvigny;14;TR;95;100;0;0;0;10;10;0;10;80
2018;K58;Louvigny;14;TR;100;100;0;0;0;0;0;0;18;82
2018;K58;Louvigny;14;TR;100;100;0;0;0;90;20;70;0;10
2018;K58;Louvigny;14;TR;95;100;0;0;0;10;10;0;30;60
2018;K59;Louvigny;14;TNT;100;100;0;0;0;0;0;0;0;100
2018;K59;Louvigny;14;TR;100;100;0;0;0;0;0;0;0;100
2018;K59;Louvigny;14;TR;100;100;0;0;0;0;0;0;0;100
2018;K59;Louvigny;14;TR;100;100;0;0;0;0;0;0;20;80
2018;K59;Louvigny;14;TR;95;95;10;0;0;0;0;0;0;100
2018;K59;Louvigny;14;TR;100;100;0;0;0;20;20;0;0;80
2018;FP18FRAC42BIL1;Cravant;45;TNT;60;100;0;0;0;50;30;20;0;50
2018;FP18FRAC42BIL1;Cravant;45;TR;100;100;0;0;0;50;20;30;0;50
2018;FP18FRAC42BIL1;Cravant;45;;100;100;0;0;5;65;35;30;0;30
2018;FP18FRAC42BIL1;Cravant;45;;90;100;0;0;5;35;35;0;20;40
2018;K24;Loyat;56;;90;100;0;0;0;0;0;0;25;75
2018;K24;Loyat;56;;90;100;0;0;0;0;0;0;0;100
2018;K24;Loyat;56;;40;100;0;0;0;0;0;0;0;100
2018;K24;Loyat;56;;30;100;0;0;0;70;15;55;0;30
2018;K24;Loyat;56;;10;100;0;0;0;40;40;0;0;60
2018;K24;Loyat;56;;20;90;0;0;0;10;10;0;0;90
2018;K24;Loyat;56;;50;100;0;0;0;20;10;10;0;80
2018;K24;Loyat;56;;50;100;0;0;0;80;50;30;10;10
2018;CAL_1;Trebrivan;22;TNT;35;100;0;0;0;45;30;15;5;50
2018;SEV_1;Seraincourt;8;TNT;90;100;0;0;0;20;20;0;5;75
2018;fr18frac02ll01;Beine nauroy;51;TNT;90;90;0;0;10;10;10;0;25;55
2018;fr18frac02ll01;Beine nauroy;51;TR;95;95;0;0;0;5;0;0;5;90
2018;fr18frac02ll01;Beine nauroy;51;TR;95;100;0;0;0;0;0;0;50;50
2018;fr18frac02ll01;Beine nauroy;51;TR;95;100;0;0;0;20;20;0;10;70
2018;fr18frac02ll01;Beine nauroy;51;TR;45;100;0;0;0;5;5;0;5;90
2018;K25;Radenac;56;TNT;60;100;0;0;0;25;25;0;15;60
2018;K25;Radenac;56;;80;95;0;0;0;15;15;0;5;80
2018;K25;Radenac;56;;30;100;0;0;0;20;20;0;15;65
2018;K25;Radenac;56;;90;100;0;0;0;50;50;0;10;40
2018;K25;Radenac;56;;75;100;0;0;0;10;10;0;10;80
2018;K25;Radenac;56;;35;100;0;0;0;10;10;0;5;85
2018;143769;Bruyères et montbérault;2;TR;95;100;10;0;0;10;10;0;20;70
2018;143769;Bruyères et montbérault;2;TR;95;100;0;0;0;20;20;0;10;70
2018;143769;Bruyères et montbérault;2;TR;95;100;0;0;5;10;10;0;15;70
2018;143769;Bruyères et montbérault;2;TR;100;100;0;0;0;85;10;75;10;5
2018;749;Pontfaverger moronvilliers;51;TNT;100;100;0;0;0;15;15;0;15;70
2018;749;Pontfaverger moronvilliers;51;;100;100;0;0;0;5;5;0;5;90
2018;749;Pontfaverger moronvilliers;51;;85;100;0;0;5;5;5;0;15;75
2018;749;Pontfaverger moronvilliers;51;;95;100;0;0;0;10;10;0;5;85
2018;749;Pontfaverger moronvilliers;51;;70;90;0;0;0;25;25;0;15;60
2018;749;Pontfaverger moronvilliers;51;;100;100;0;0;0;25;25;0;10;65
2018;749;Pontfaverger moronvilliers;51;;95;100;0;0;0;10;10;0;17;73
2018;749;Pontfaverger moronvilliers;51;;100;100;0;0;0;20;20;0;15;65
2018;749;Pontfaverger moronvilliers;51;;95;100;0;0;0;10;10;0;40;50
2018;749;Pontfaverger moronvilliers;51;;95;100;0;0;0;0;0;0;20;80
2018;749;Pontfaverger moronvilliers;51;;70;100;0;0;0;20;20;0;80;0
2018;749;Pontfaverger moronvilliers;51;;100;100;0;0;0;10;10;0;60;30
2018;749;Pontfaverger moronvilliers;51;;30;100;0;0;0;75;35;40;10;15
2018;CAT_6;St Léger de Montbrillais;86;;85;100;0;0;0;90;20;70;10;0
2018;CA 70 01 CH;Chaumercenne;70;TR;80;100;0;0;10;75;25;50;15;0
2018;CA 70 02 VA;Valay;70;TR;95;100;0;0;0;40;5;35;15;45
2018;CA 70 03 BO;Bougnon;70;TR;95;100;0;0;10;80;10;70;10;0
2018;CA 70 04 VIL;Villersexel;70;TR;100;95;0;0;0;80;0;80;0;20
2018;CA 70 05 SL;Saint Loup;39;TR;100;100;0;0;0;80;10;70;15;5
2018;143767;Fouilloy;80;TR;90;100;0;0;0;50;50;0;50;0
2018;143767;Fouilloy;80;TR;100;100;0;0;0;0;0;0;20;80
2018;143767;Fouilloy;80;TR;100;100;0;0;0;0;0;0;95;5
2018;143767;Fouilloy;80;TR;85;100;0;0;0;15;15;0;15;70
2018;FR18E7B098SG01C;Harbonnieres ;80;TNT;95;100;0;0;0;0;0;0;20;80
2018;FR18E7B098SG01C;Harbonnieres ;80;TR;95;100;0;0;0;10;10;0;15;75
2018;FR18E7B098SG01C;Harbonnieres ;80;TR;90;100;0;0;0;10;10;0;10;80
2018;FR18E7B098SG01C;Harbonnieres ;80;TR;100;100;0;0;0;10;10;0;15;75
2018;FR18E7B098SG01C;Harbonnieres ;80;TR;95;100;0;0;0;40;40;0;10;50
2018;F63 67 18;Boutervilliers;91;TR;85;100;0;0;0;10;10;0;30;60
2018;F63 67 18;Boutervilliers;91;TR;70;100;0;0;0;30;30;0;25;45
2018;F63 67 18;Boutervilliers;91;TR;100;100;0;0;0;0;0;0;20;80
2018; 67 18;Boutervilliers;91;TR;100;100;0;0;0;10;10;0;50;40
2018;109CAGR2018;MEZIERES-EN-SANTERRE;80;TNT;90;90;0;0;0;40;40;0;15;45
2018;109CAGR2018;MEZIERES-EN-SANTERRE;80;TR;80;100;0;0;0;10;10;0;5;85
2018;109CAGR2018;MEZIERES-EN-SANTERRE;80;TR;90;100;0;0;0;70;20;50;0;30
2018;109CAGR2018;MEZIERES-EN-SANTERRE;80;TR;95;100;10;0;0;10;10;0;0;90
2018;109CAGR2018;MEZIERES-EN-SANTERRE;80;TR;100;100;10;0;0;40;25;15;0;60
2018;109CAGR2018;MEZIERES-EN-SANTERRE;80;TR;100;100;10;0;0;10;10;0;0;90
2018;lkcjhbhagcufvzzed;Verneuil sur serre;2;TNT;100;100;0;0;0;10;10;0;10;80
2018;lkcjhbhagcufvzzed;Verneuil sur serre;2;TR;95;100;10;0;0;10;10;0;10;80
2018;lkcjhbhagcufvzzed;Verneuil sur serre;2;TR;95;100;0;0;0;10;10;0;25;65
2018;lkcjhbhagcufvzzed;Verneuil sur serre;2;TR;100;100;5;0;0;5;5;0;20;75
2018;lkcjhbhagcufvzzed;Verneuil sur serre;2;TR;90;100;0;0;0;10;10;0;10;80
2018;lkoijhucygyhcyxgsgdfgc;Epoye;51;TNT;90;100;0;0;0;5;5;0;0;95
2018;lkoijhucygyhcyxgsgdfgc;Epoye;51;TR;95;100;0;0;0;30;30;0;10;60
2018;lkoijhucygyhcyxgsgdfgc;Epoye;51;TR;90;100;0;0;0;20;20;0;0;80
2018;lkoijhucygyhcyxgsgdfgc;Epoye;51;TR;95;100;0;0;0;30;15;15;0;70
2018;lkoijhucygyhcyxgsgdfgc;Epoye;51;TR;100;100;0;0;0;10;10;0;0;90
2018;127CAGR2018;MEZIERES-EN-SANTERRE;80;TR;95;100;0;0;0;20;20;0;10;70
2018;127CAGR2018;MEZIERES-EN-SANTERRE;80;TR;90;100;0;0;0;5;5;0;5;90
2018;127CAGR2018;MEZIERES-EN-SANTERRE;80;TR;100;100;15;0;0;5;5;0;0;95
2018;127CAGR2018;MEZIERES-EN-SANTERRE;80;TR;100;100;5;0;0;10;10;0;0;90
2018;127CAGR2018;MEZIERES-EN-SANTERRE;80;TR;95;100;20;0;0;0;0;0;30;70
2018;127CAGR2018;MEZIERES-EN-SANTERRE;80;TR;90;100;5;0;0;20;20;0;10;70
2018;143760;Berneville;62;;100;100;5;0;0;10;10;0;25;65
2018;143760;Berneville;62;;90;100;15;0;0;0;0;0;20;80
2018;143760;Berneville;62;;95;100;5;0;0;5;5;0;35;60
2018;143760;Berneville;62;;100;100;0;0;0;15;15;0;20;65
2018;143760;Berneville;62;;90;100;0;0;0;55;20;35;5;40
2018;143760;Berneville;62;;75;100;5;0;0;10;10;0;10;80
2018;143760;Berneville;62;;90;100;5;0;0;10;10;0;25;65
2018;143760;Berneville;62;;90;100;0;0;5;35;30;5;10;50
2018;143760;Berneville;62;;90;100;10;0;0;10;10;0;90;0
2018;143760;Berneville;62;;90;100;5;0;0;10;10;0;20;70
2018;143760;Berneville;62;;95;100;10;0;0;10;10;0;80;10
2018;143760;Berneville;62;;90;100;10;0;0;5;5;0;50;45
2018;143760;Berneville;62;;100;100;10;0;5;5;5;0;80;10
2018;143760;Berneville;62;;95;100;10;0;0;10;10;0;60;30
2018;FA20;Frévin Capelle;62;TNT;95;100;0;0;0;20;20;0;15;65
2018;FA20;Frévin Capelle;62;TR;100;100;0;0;0;5;5;0;75;20
2018;FA20;Frévin Capelle;62;TR;95;100;0;0;0;60;40;20;20;20
2018;FA20;Frévin Capelle;62;TR;95;80;0;0;0;10;10;0;10;80
2018;FA20;Frévin Capelle;62;TR;95;90;0;0;0;10;10;0;20;70
2018;S18-02458-01;Boisseaux;45;TNT;95;100;0;0;0;70;40;30;15;15
2018;S18-02458-02;Boisseaux;45;TR;90;90;30;0;0;30;30;0;70;0
2018;S18-02458-03;Boisseaux;45;TR;100;100;20;0;0;40;40;0;20;40
2018;S18-02458-04;Boisseaux;45;TR;80;100;0;0;0;20;20;0;80;0
2018;S18-02458-05;Boisseaux;45;TR;90;100;0;0;0;60;60;0;40;0
2018;076-17;Auchy les Mines;62;TNT;95;100;0;0;0;40;40;;10;50
2018;076-17;Auchy les Mines;62;TR;100;100;0;0;0;50;50;0;15;35
2018;076-17;Auchy les Mines;62;TR;95;100;5;0;0;5;5;0;20;75
2018;076-17;Auchy les Mines;62;TR;100;100;0;0;0;0;0;0;0;100
2018;143764;Quevauvillers;80;;100;100;0;0;0;75;30;45;5;20
2018;143764;Quevauvillers;80;;100;100;0;0;0;10;10;0;90;0
2018;143764;Quevauvillers;80;;100;100;0;0;0;15;15;0;0;85
2018;143764;Quevauvillers;80;;100;100;0;0;0;20;20;0;30;50
2018;143764;Quevauvillers;80;;100;100;0;0;0;65;5;60;5;30
2018;SEV_4;Serches;2;;90;90;0;0;5;60;20;40;5;30
2018;SEV_5;Bassevelle;77;;85;100;0;0;0;60;15;45;10;30
2018;FR18E7B033MC01C;SAILLY LE SEC ;80;TNT;85;100;0;0;0;20;20;0;20;60
2018;FR18E7B033MC01C;SAILLY LE SEC ;80;TR;90;100;0;0;0;60;25;35;5;35
2018;FR18E7B033MC01C;SAILLY LE SEC ;80;TR;95;100;0;0;0;0;0;0;10;90
2018;FR18E7B033MC01C;SAILLY LE SEC ;80;TR;95;100;0;0;0;10;10;0;90;0
2018;FR18E7B033MC01C;SAILLY LE SEC ;80;TR;100;100;0;0;0;0;0;0;70;30
2018;FR18E7B033MC01C;SAILLY LE SEC ;80;TR;100;100;0;0;0;0;0;0;10;90
2018;FR18E7B033MC01C;SAILLY LE SEC ;80;TR;90;100;0;0;0;5;5;0;5;90
2018;FR18E7B033MC01C;SAILLY LE SEC ;80;TR;100;100;0;0;0;30;30;0;30;40
2018;CJ 126;Fayet;2;TNT;90;100;0;0;0;10;10;0;5;85
2018;CJ 126;Fayet;2;TR;100;100;0;0;0;15;15;0;35;50
2018;CJ 126;Fayet;2;TR;100;100;0;0;0;10;10;0;25;65
2018;CJ 126;Fayet;2;TR;100;100;0;0;0;10;10;0;10;80
2018;CJ 126;Fayet;2;TR;100;100;0;0;0;20;20;0;0;80
2018;CJ 126;Fayet;2;TR;95;100;0;0;0;5;5;0;85;10
2018;CJ 126;Fayet;2;TR;100;100;0;0;0;40;40;0;50;10
2018;CJ 126;Fayet;2;TR;100;100;0;0;0;5;5;0;25;70
2018;127784;Vermelles;62;TNT;95;100;0;0;0;80;80;0;20;0
2018;127784;Vermelles;62;TR;95;100;0;0;0;80;30;50;10;10
2018;127784;Vermelles;62;TR;90;100;0;0;0;0;0;0;10;90
2018;127784;Vermelles;62;TR;100;100;0;0;0;30;30;0;10;60
2018;127784;Vermelles;62;TR;100;100;0;0;0;30;30;0;10;60
2018;CAT_2;Ploermel;56;TR;100;100;0;0;0;0;0;0;25;75
2019;jfczcidhbuqcqsdncj;Nerac;47;;35;90;0;0;0;10;0;10;0;90
2019;jcaiueiczqyvcqscvrb;Lusignan;86;TNT;25;90;0;0;0;5;0;5;0;95
2019;jcaiueiczqyvcqscvrb;Lusignan;86;TR;50;100;0;0;0;0;0;0;0;100
2019;jcaiueiczqyvcqscvrb;Lusignan;86;TR;20;100;0;0;0;0;0;0;0;100
2019;jcaiueiczqyvcqscvrb;Lusignan;86;TR;80;90;0;0;0;0;0;0;0;100
2019;jcaiueiczqyvcqscvrb;Lusignan;86;TR;80;100;0;0;0;0;0;0;0;100
2019;jcaiueiczqyvcqscvrb;Lusignan;86;TNT;80;100;0;0;10;20;0;20;0;70
2019;138773;Aubigny Aux Kaisnes;2;TNT;80;100;0;0;0;0;0;0;40;60
2019;138773;Aubigny Aux Kaisnes;2;TNT;90;90;0;0;0;0;0;0;45;55
2019;FP19FRAC43ZEU1;Saint Porquier;82;TNT;100;100;0;0;0;0;0;0;10;90
2019;127784;Mereville;91;TNT;50;100;0;0;0;10;0;10;60;30
2019;127784;Mereville;91;TR;50;100;0;0;0;0;0;0;50;50
2019;127784;Mereville;91;TR;90;100;0;0;0;0;0;0;50;50
2019;127784;Mereville;91;TR;50;100;0;0;0;0;0;0;100;0
2019;127784;Mereville;91;TR;60;100;0;0;0;0;0;0;100;0
2019;144909;Pipriac;35;TNT;70;100;0;0;0;0;0;0;80;20
2019;144909;Pipriac;35;TR;100;100;0;0;0;0;0;0;10;90
2019;144909;Pipriac;35;TR;80;100;15;0;0;0;0;0;90;10
2019;144909;Pipriac;35;TR;90;100;0;0;0;0;0;0;50;50
2019;144909;Pipriac;35;TR;40;100;0;0;0;0;0;0;85;15
2019;144909;Pipriac;35;TR;50;100;20;0;0;0;0;0;50;50
2019;144909;Pipriac;35;TR;90;100;0;0;0;0;0;0;90;10
2019;144909;Pipriac;35;TR;90;100;15;0;0;0;0;0;15;85
2019;144909;Pipriac;35;TR;90;100;0;0;0;0;0;0;80;20
2019;144909;Pipriac;35;TR;100;100;0;0;0;0;0;0;0;100
2019;ZPL1;Valliquerville;76;TNT;90;100;0;0;0;0;0;0;15;85
2019;ZPL1;Valliquerville;76;TR;85;100;0;0;0;0;0;0;30;70
2019;ZPL1;Valliquerville;76;TR;100;100;0;0;0;0;0;0;0;100
2019;ZPL1;Valliquerville;76;TR;95;100;0;0;0;0;0;0;40;60
2019;ZPL1;Valliquerville;76;TR;80;100;0;0;0;0;0;0;20;80
2019;ZPL1;Valliquerville;76;TR;80;100;0;0;;0;;0;100;0
2019;ZPL1;Valliquerville;76;TR;80;100;0;0;0;0;0;0;40;60
2019;FP19FRAC43PHI1;Saint Grégoire;35;TR;60;100;0;0;0;0;0;0;100;0
2019;FP19FRAC43PHI1;Saint Grégoire;35;TR;80;100;5;0;0;0;0;0;90;10
2019;FP19FRAC75PHI1;Saint Grégoire;35;TNT;40;100;0;0;0;10;0;10;90;0
2019;FP19FRAC75PHI1;Saint Grégoire;35;TR;25;100;0;0;0;0;0;0;100;0
2019;FP19FRAC75PHI1;Saint Grégoire;35;TR;70;100;5;0;0;0;0;0;30;70
2019;FP19FRAC75PHI1;Saint Grégoire;35;TR;50;90;5;0;0;0;0;0;100;0
2019;FP19FRAC75PHI1;Saint Grégoire;35;TR;30;100;0;0;0;0;0;0;90;10
2019;FP19FRAC75PHI1;Saint Grégoire;35;TR;30;100;5;0;0;0;0;0;100;0
2019;FP19FRAC75PHI1;Saint Grégoire;35;TR;90;100;10;0;0;0;0;0;80;20
2019;FP19FRAC75PHI1;Saint Grégoire;35;TR;15;10;0;0;0;0;0;0;100;0
2019;FP19FRAC75PHI1;Saint Grégoire;35;TR;25;100;0;0;0;0;0;0;90;10
2019;145256;Bergerac;24;;80;100;0;0;0;0;0;0;100;0
2019;146198;Bergerac;24;;90;100;0;0;0;0;0;0;100;0
2019;czjhqinzuoijxzqiuehrc;Saint Laurent de Terregatte;50;TR;90;100;0;0;0;0;0;0;0;100
2019;czjhqinzuoijxzqiuehrc;Saint Laurent de Terregatte;50;TR;90;100;0;0;0;0;0;0;0;100
2019;czjhqinzuoijxzqiuehrc;Saint Laurent de Terregatte;50;TR;100;100;0;0;0;0;0;0;100;0
2019;145259;Viévy le Rayé;41;TNT;40;100;0;0;0;0;0;0;100;0
2019;144908;Viévy le Rayé;41;TNT;100;100;0;0;0;0;0;0;100;0
2019;144908;Viévy le Rayé;41;TR;100;100;0;0;0;0;0;0;100;0
2019;144908;Viévy le Rayé;41;TR;100;100;0;0;0;0;0;0;100;0
2019;144908;Viévy le Rayé;41;TR;80;100;0;0;0;0;0;0;15;85
2019;144908;Viévy le Rayé;41;TR;50;100;5;0;0;90;0;90;10;0
2019;144908;Viévy le Rayé;41;TR;50;100;0;0;0;0;0;0;18;82
2019;144908;Viévy le Rayé;41;TR;15;100;0;0;0;90;10;80;10;0
2019;144911;Boigneville;91;;80;100;0;0;0;80;0;80;5;15
2019;144911;Boigneville;91;;50;100;0;0;0;90;5;85;5;5
2019;poiuhgwvxgzvcvsmkqduzgf;Le bailleul;72;;75;100;5;0;0;60;0;60;0;40
2019;poiuhgwvxgzvcvsmkqduzgf;Le bailleul;72;;25;90;10;0;5;70;0;70;10;15
2019;poiuhgwvxgzvcvsmkqduzgf;Le bailleul;72;;80;100;0;0;;80;10;70;10;10
2019;poiuhgwvxgzvcvsmkqduzgf;Le bailleul;72;;80;100;0;0;0;75;5;70;0;25
2019;poiuhgwvxgzvcvsmkqduzgf;Le bailleul;72;;60;100;0;0;0;25;0;25;10;65
2019;poiuhgwvxgzvcvsmkqduzgf;Le bailleul;72;;80;100;0;0;0;65;5;60;10;25
2019;146128;Saint-pourçain-sur besbre;3;TNT;90;100;0;0;0;90;5;85;0;10
2019;138773;Aubigny Aux Kaisnes;2;TNT;95;100;5;0;0;15;0;15;15;70
2019;138773;Aubigny Aux Kaisnes;2;TNT;85;100;0;0;0;80;10;70;15;5
2019;138773;Aubigny Aux Kaisnes;2;TNT;90;100;10;0;0;10;0;10;15;75
2019;138773;Aubigny Aux Kaisnes;2;TNT;80;100;0;0;0;15;0;15;18;67
2019;138773;Aubigny Aux Kaisnes;2;;75;100;0;0;0;70;5;65;30;0
2019;138773;Aubigny Aux Kaisnes;2;;90;100;0;0;0;0;0;0;15;85
2019;145260;Le Subdray;18;TNT;100;100;0;0;0;80;5;75;15;5
2019;FR19FRAC02CHM1;Epoye;51;TNT;10;100;0;0;0;0;0;0;15;85
2019;FP19FRAC43CHM1;Juvincourt et Damary;2;TNT;100;100;0;0;0;10;0;10;20;70
2019;FP19FRAC43CHM1;Juvincourt et Damary;2;TR;100;100;0;0;0;0;0;0;50;50
2019;FP19FRAC43CHM1;Juvincourt et Damary;2;TR;100;100;0;0;0;0;0;0;45;55
2019;FP19FRAC43CHM1;Juvincourt et Damary;2;TR;100;100;0;0;0;15;15;0;25;60
2019;FP19FRAC43CHM1;Juvincourt et Damary;2;TR;90;100;20;0;0;20;15;5;30;50
2019;F81319-B24;Bucy St Liphard;45;TNT;25;100;0;0;0;85;0;85;0;15
2019;F81319-B24;Bucy St Liphard;45;TR;85;100;0;0;0;70;0;70;30;0
2019;A64P19-024;Castetis;64;TNT;100;100;0;0;0;10;0;10;0;90
2019;A64P19-024;Castetis;64;TR;80;100;0;0;0;50;10;40;0;50
2019;A64P19-024;Castetis;64;TR;100;100;0;0;0;15;5;10;0;85
2019;A64P19-024;Castetis;64;TR;90;100;0;0;0;20;0;20;0;80
2019;A64P19-024;Castetis;64;TR;90;100;30;0;0;15;0;15;0;85
2019;A64P19-024;Castetis;64;TR;90;100;30;0;0;20;20;0;20;60
2019;A64P19-024;Castetis;64;TR;40;100;0;0;0;20;20;0;25;55
2019;A64P19-024;Castetis;64;TR;100;100;10;0;0;0;0;0;0;100
2019;A64P19-024;Castetis;64;TR;100;100;0;0;0;0;0;0;0;100
2019;sjfhvbncjzkx;Villy le moutier;21;;70;100;0;0;0;80;5;75;5;15
2019;Essai Positionnement In vivo;Quevauvillers;80;TNT;90;100;0;0;0;85;10;75;5;10
2019;Essai Positionnement In vivo;Quevauvillers;80;;100;100;0;0;0;80;50;30;0;20
2019;Essai Positionnement In vivo;Quevauvillers;80;;90;100;0;0;0;80;50;30;0;20
2019;Essai Positionnement In vivo;Quevauvillers;80;;90;100;0;0;0;85;15;70;0;15
2019;plokizjvbhevrydvqcdc;Louvigny;14;;90;100;0;0;0;15;0;15;13;72
2019;plokizjvbhevrydvqcdc;Louvigny;14;;100;100;0;0;0;10;10;0;5;85
2019;plokizjvbhevrydvqcdc;Louvigny;14;;100;100;0;0;0;10;10;0;13;77
2019;plokizjvbhevrydvqcdc;Louvigny;14;;95;100;15;0;0;10;10;0;20;70
2019;plokizjvbhevrydvqcdc;Louvigny;14;;95;100;5;0;0;0;0;0;5;95
2019;plokizjvbhevrydvqcdc;Louvigny;14;;100;100;0;0;0;0;0;0;8;92
2019;146054;Sailly Le Sec;80;TR;75;100;0;0;0;0;0;0;25;75
2019;146054;Sailly Le Sec;80;TR;80;100;10;0;0;0;0;0;30;70
2019;146054;Sailly Le Sec;80;TR;100;100;0;0;0;20;20;0;20;60
2019;146054;Sailly Le Sec;80;TR;100;90;0;0;0;0;0;0;25;75
2019;146054;Sailly Le Sec;80;TR;100;100;10;0;0;50;40;10;10;40
2019;146054;Sailly Le Sec;80;TR;100;100;20;0;0;75;20;55;0;25
2019;C43ZAD1;Warlus;62;TNT;80;100;0;0;0;50;25;25;8;42
2019;C43ZAD1;Warlus;62;TR;90;100;0;0;0;5;0;5;17;78
2019;C43ZAD1;Warlus;62;TR;100;100;0;0;0;60;35;25;10;30
2019;C43ZAD1;Warlus;62;TR;100;100;0;0;0;50;20;30;5;45
2019;C75ZAD1;Warlus;62;TNT;80;100;10;0;0;10;10;0;25;65
2019;C75ZAD1;Warlus;62;TR;85;100;5;0;5;15;15;0;25;55
2019;C75ZAD1;Warlus;62;TR;90;100;20;0;0;20;20;0;30;50
2019;C75ZAD1;Warlus;62;TR;90;100;20;0;0;20;20;0;30;50
2019;C75ZAD1;Warlus;62;TR;90;95;15;0;0;10;10;0;35;55
2019;C75ZAD1;Warlus;62;TR;90;100;30;0;0;10;10;0;30;60
2019;C75ZAD1;Warlus;62;TR;75;100;15;0;0;30;25;5;28;42
2019;C75ZAD1;Warlus;62;TR;80;100;25;0;0;0;0;0;43;57
2019;C75ZAD1;Warlus;62;TR;95;100;15;0;0;20;0;20;38;42
2019;tyrueijfbvdcsmmap;Ecouis;27;;90;100;10;0;0;80;5;75;15;5
2019;tyrueijfbvdcsmmap;Ecouis;27;;95;100;10;0;0;70;40;30;17;13
2019;tyrueijfbvdcsmmap;Ecouis;27;;100;100;10;0;0;35;10;25;8;57
2019;tyrueijfbvdcsmmap;Ecouis;27;;95;100;10;0;0;30;0;30;23;47
2019;tyrueijfbvdcsmmap;Ecouis;27;;100;100;20;0;0;10;10;0;15;75
2019;tyrueijfbvdcsmmap;Ecouis;27;;95;100;15;0;0;10;0;10;10;80
2019;qcakjanjancajbvbvhbvz;Vieuvicq;28;;80;100;0;0;0;60;20;40;18;22
2019;qcakjanjancajbvbvhbvz;Vieuvicq;28;;75;100;0;0;5;25;5;20;20;50
2019;qcakjanjancajbvbvhbvz;Vieuvicq;28;;100;100;20;0;0;20;0;20;80;0
2019;qcakjanjancajbvbvhbvz;Vieuvicq;28;;100;100;10;0;0;10;0;10;90;0
2019;146161;Neuville sur Ornain;55;TNT;90;100;0;0;0;35;20;15;0;65
2019;146161;Neuville sur Ornain;55;TR;100;100;0;0;0;15;5;10;10;75
2019;146161;Neuville sur Ornain;55;TR;90;100;30;0;0;25;0;25;25;50
2019;146161;Neuville sur Ornain;55;TR;90;100;10;0;0;20;20;0;15;65
2019;146161;Neuville sur Ornain;55;TR;30;100;80;0;5;5;5;0;90;0
2019;ZAN1;Medavy;61;TNT;50;100;0;0;0;50;50;0;10;40
2019;ZAN1;Medavy;61;TR;90;100;15;0;0;75;10;65;15;10
2019;ZAN1;Medavy;61;TR;100;100;95;0;0;0;0;0;25;75
2019;ZAN1;Medavy;61;TR;90;100;25;0;0;10;10;0;15;75
2019;ZAN1;Medavy;61;TR;85;100;25;0;0;10;10;0;5;85
2019;ZAN1;Medavy;61;TR;95;100;50;0;0;20;20;0;15;65
2019;ZAN1;Medavy;61;TR;90;100;20;0;0;30;5;25;25;45
2019;ZAN1;Medavy;61;TR;100;100;15;0;0;5;5;0;25;70
2019;ZAN1;Medavy;61;TR;100;100;10;0;0;10;10;0;0;90
2019;ZAN1;Medavy;61;TR;100;100;10;0;0;10;10;0;25;65
2019;ZAN1;Medavy;61;TR;40;100;10;0;0;10;10;0;15;75
2019;ZAN1;Medavy;61;TR;85;100;25;0;0;10;10;0;20;70
2019;ZAN1;Medavy;61;TR;70;100;15;0;0;5;5;0;15;80
2019;ZAN1;Medavy;61;TR;80;100;15;0;0;0;0;0;23;77
2019;mqlsdkfjghytrueizjfhvbncx;Lhuitre;10;;80;100;0;0;0;10;10;0;25;65
2019;mqlsdkfjghytrueizjfhvbncx;Lhuitre;10;;90;100;0;0;0;40;40;0;0;60
2019;mqlsdkfjghytrueizjfhvbncx;Lhuitre;10;;85;100;10;0;0;5;5;0;20;75
2019;mqlsdkfjghytrueizjfhvbncx;Lhuitre;10;;90;100;10;0;0;40;25;15;15;45
2019;mqlsdkfjghytrueizjfhvbncx;Lhuitre;10;;90;100;10;0;0;0;0;0;18;82
2019;mqlsdkfjghytrueizjfhvbncx;Lhuitre;10;;80;100;40;0;0;0;0;0;40;60
2019;C07ZAD1;Warlus;62;TNT;95;100;10;0;0;20;20;0;25;55
2019;C07ZAD1;Warlus;62;TR;90;100;30;0;0;0;0;0;60;40
2019;C07ZAD1;Warlus;62;TR;95;100;30;0;0;0;0;0;70;30
2019;C07ZAD1;Warlus;62;TR;100;100;15;0;0;20;20;0;65;15
2019;C07ZAD1;Warlus;62;TR;85;100;35;0;0;0;0;0;70;30
2019;C07ZAD1;Warlus;62;TR;95;100;45;0;0;10;10;0;80;10
2019;C07ZAD1;Warlus;62;TR;90;100;90;0;0;10;10;0;80;10
2019;C07ZAD1;Warlus;62;TR;95;100;45;0;0;20;20;0;20;60
2019;C07ZAD1;Warlus;62;TR;100;100;40;0;0;20;20;0;30;50
2019;C07ZAD1;Warlus;62;TR;100;100;20;0;0;15;15;0;30;55
2019;C07ZAD1;Warlus;62;TR;95;100;15;0;0;15;15;0;65;20
2019;C07ZAD1;Warlus;62;TR;100;100;15;0;0;10;10;0;65;25
2019;C07ZAD1;Warlus;62;TR;100;100;55;0;0;10;10;0;85;5
2019;C07ZAD1;Warlus;62;TR;100;100;5;0;0;10;10;0;20;70
2019;127784;ST Jean De Bonneval;10;TNT;95;100;0;0;5;45;0;45;0;50
2019;127784;ST Jean De Bonneval;10;TR;90;100;0;0;0;0;0;0;0;100
2019;pawncgfgfhdjfggtrue;Hargicourt;2;TNT;90;100;0;0;0;0;0;0;15;85
2019;pawncgfgfhdjfggtrue;Hargicourt;2;TR;90;100;10;0;0;10;10;0;15;75
2019;pawncgfgfhdjfggtrue;Hargicourt;2;TR;95;100;70;0;0;10;10;0;75;15
2019;pawncgfgfhdjfggtrue;Hargicourt;2;TR;90;100;10;0;0;80;70;10;20;0
2019;pawncgfgfhdjfggtrue;Hargicourt;2;TR;100;100;30;0;0;0;0;0;60;40
2019;144907;Vraux;51;TNT;95;100;10;0;5;75;10;65;20;0
2019;144907;Vraux;51;TR;70;100;0;0;0;70;10;60;0;30
2019;144907;Vraux;51;TR;100;100;0;0;0;0;0;0;0;100
2019;144909;Cachy;80;TNT;80;100;0;0;0;50;20;30;0;50
2019;144909;Cachy;80;TR;90;100;5;0;0;0;0;0;0;100
2019;144909;Cachy;80;TR;100;100;10;0;0;0;0;0;35;65
2019;144909;Cachy;80;TR;90;100;10;0;0;10;10;0;35;55
2019;144909;Cachy;80;TR;100;100;20;0;0;0;0;0;20;80
2019;144909;Cachy;80;TR;100;95;15;0;0;30;10;20;40;30
2019;146053;Boisseaux;45;TNT;75;100;10;0;5;15;10;5;10;70
2019;146053;Boisseaux;45;TR;70;100;0;0;0;90;50;40;0;10
2019;146053;Boisseaux;45;TR;90;100;0;0;10;70;30;40;20;0
2019;144909;Montolivet;77;TNT;90;100;10;0;0;30;5;25;25;45
2019;144909;Montolivet;77;TR;100;100;0;0;0;0;0;0;20;80
2019;144909;Montolivet;77;TR;70;100;15;0;0;5;5;0;15;80
2019;144909;Montolivet;77;TR;90;100;15;0;0;10;10;0;85;5
2019;144909;Montolivet;77;TR;75;100;0;0;0;30;5;25;25;45
2019;144909;Montolivet;77;TR;90;100;0;0;0;55;40;15;15;30
2019;144909;Montolivet;77;TR;80;100;0;0;0;30;20;10;10;60
2019;144909;Montolivet;77;TR;70;100;15;0;0;80;5;75;10;10
2019;144909;Montolivet;77;TR;50;100;0;0;0;10;10;0;13;77
2019;144909;Montolivet;77;TR;95;100;0;0;0;60;20;40;30;10
2019;146146;bruyères et montbérault;2;TNT;90;100;15;0;0;10;10;0;15;75
2019;146146;bruyères et montbérault;2;TR;20;100;15;0;0;85;10;75;0;15
2019;146146;bruyères et montbérault;2;TR;95;100;20;0;0;20;20;0;20;60
2019;146146;bruyères et montbérault;2;TR;70;100;10;0;0;10;10;0;13;77
2019;146146;bruyères et montbérault;2;TR;85;100;10;0;0;0;0;0;30;70
2019;146146;bruyères et montbérault;2;TR;100;100;5;0;0;0;0;0;10;90
2019;AFPP-Adama;Mézières en santerre;80;TNT;95;100;0;0;0;0;0;0;5;95
2019;AFPP-Adama;Mézières en santerre;80;TR;100;100;10;0;0;0;0;0;18;82
2019;AFPP-Adama;Mézières en santerre;80;TR;90;100;20;0;0;0;0;0;25;75
2019;AFPP-Adama;Mézières en santerre;80;TR;50;100;0;0;0;0;0;0;65;35
2019;AFPP-Adama;Mézières en santerre;80;TR;95;100;40;0;0;0;0;0;95;5
2019;AFPP-Adama;Mézières en santerre;80;TR;100;100;0;0;0;0;0;0;20;80
2019;AFPP-Adama;Mézières en santerre;80;TR;90;100;0;0;0;10;0;10;0;90
2019;kjvhbgtryuyuqsqdsqcthk;Beauval en Caux;76;;100;100;60;0;0;0;0;0;10;90
2019;kjvhbgtryuyuqsqdsqcthk;Beauval en Caux;76;;95;100;40;0;0;0;0;0;20;80
2019;kjvhbgtryuyuqsqdsqcthk;Beauval en Caux;76;;90;100;30;0;0;0;0;0;15;85
2019;kjvhbgtryuyuqsqdsqcthk;Beauval en Caux;76;;95;95;30;0;0;0;0;0;28;72
2019;adgzgfrnvscmhgr;Beauval en Caux;76;;90;100;30;0;0;0;0;0;13;87
2019;adgzgfrnvscmhgr;Bouges le Château;36;;85;100;0;0;0;0;0;0;5;95
2019;adgzgfrnvscmhgr;Bouges le Château;36;;100;100;10;0;0;0;0;0;0;100
2019;adgzgfrnvscmhgr;Bouges le Château;36;;50;100;0;0;0;90;0;90;0;10
2019;adgzgfrnvscmhgr;Bouges le Château;36;;40;100;0;0;0;40;40;0;10;50
2019;146077;Darmannes;52;TNT;80;100;0;0;0;85;10;75;0;15
2019;146077;Darmannes;52;TR;70;100;0;0;0;65;0;65;0;35
2019;146077;Darmannes;52;TR;90;100;5;0;0;65;0;65;0;35
2019;146077;Darmannes;52;TR;85;100;0;0;10;35;0;35;0;55
2019;146077;Darmannes;52;TR;50;100;0;0;0;85;0;85;0;15
2019;146077;Darmannes;52;TR;85;100;20;0;0;80;0;80;0;20
2019;145472;Ouzouer le marché;41;;100;100;0;0;0;0;0;0;50;50
2019;144909;Henrichemont;18;TNT;40;100;0;0;0;95;45;50;0;5
2019;144909;Henrichemont;18;TR;70;100;0;0;0;80;20;60;15;5
2019;144909;Henrichemont;18;TR;95;100;0;0;0;90;30;60;0;10
2019;zzfvehhzehoaijocnj;Richarville;91;TNT;80;100;0;0;0;80;0;80;20;0
2019;ytruiejfhglqmqhvgfyre;Loyat;56;;35;100;0;0;5;70;5;65;0;25
2019;ytruiejfhglqmqhvgfyre;Loyat;56;;60;100;0;0;10;10;0;10;0;80
2019;ytruiejfhglqmqhvgfyre;Loyat;56;;50;100;0;0;5;75;0;75;0;20
2019;ytruiejfhglqmqhvgfyre;Loyat;56;;50;100;0;0;0;0;0;0;0;100
2019;ytruiejfhglqmqhvgfyre;Loyat;56;;35;100;0;0;0;30;15;15;0;70
2019;146158;Villers Bocage;80;TNT;100;100;0;0;0;70;30;40;0;30
2019;146159;Villers Bocage;80;TR;100;100;0;0;0;75;0;75;0;25
2019;146160;Villers Bocage;80;TR;95;100;0;0;0;20;10;10;0;80
2019;146161;Villers Bocage;80;TR;90;100;0;0;0;55;25;30;30;15
2019;146162;Villers Bocage;80;TR;95;100;0;0;0;80;0;80;20;0
2019;146163;Villers Bocage;80;TR;70;100;15;0;0;80;0;80;10;10
2019;GC2;Frevin Capelle;62;;90;100;20;0;0;50;15;35;25;25
2019;GC2;Frevin Capelle;62;;90;100;15;0;0;5;0;5;0;95
2019;GC2;Frevin Capelle;62;;85;100;60;0;0;50;0;50;25;25
2019;GC2;Frevin Capelle;62;;100;100;25;0;0;10;10;0;55;35
2019;GC2;Frevin Capelle;62;;85;100;15;0;0;55;25;30;15;30
2019;GN9;Marchélepot;80;TNT;100;100;20;0;0;45;35;10;25;30
2019;GN9;Marchélepot;80;;95;100;70;0;0;10;10;0;35;55
2019;GN9;Marchélepot;80;;100;100;70;0;0;0;0;0;90;10
2019;GN9;Marchélepot;80;;90;100;60;0;0;5;5;0;45;50
2019;GN9;Marchélepot;80;;95;100;90;0;0;0;0;0;85;15
2019;EA19E7B042F-DBW01;Sailly-Le-Sec;80;TNT;100;100;10;0;0;70;0;70;12;18
2019;EA19E7B042F-DBW01;Sailly-Le-Sec;80;TR;90;100;10;0;0;60;0;60;15;25
2019;EA19E7B042F-DBW01;Sailly-Le-Sec;80;TR;85;100;10;0;0;0;0;0;10;90
2019;EA19E7B042F-DBW01;Sailly-Le-Sec;80;TR;100;100;40;0;0;20;0;20;15;65
2019;EA19E7B042F-DBW01;Sailly-Le-Sec;80;TR;40;90;5;0;0;10;0;10;15;75
2019;EA19E7B042F-DBW01;Sailly-Le-Sec;80;TR;100;100;65;0;0;5;0;5;10;85
2019;EA19E7B042F-DBW01;Sailly-Le-Sec;80;TR;100;100;20;0;0;0;0;0;25;75
2019;EA19E7B042F-DBW01;Sailly-Le-Sec;80;TR;100;100;80;0;0;0;0;0;0;100
2019;EA19E7B042F-DBW01;Sailly-Le-Sec;80;TR;100;100;25;0;0;5;5;0;25;70
2019;SEV_3;Novion Porcien;8;TNT;90;100;0;0;0;80;5;75;0;20
2019;CAT_4;St Georges du Bois;49;TNT;85;70;0;0;0;35;10;25;0;65
2019;146048;Mauchamps;91;TNT;70;100;0;0;0;85;5;80;5;10
2019;146048;Mauchamps;91;TR;100;100;0;0;10;65;5;60;0;25
2019;146048;Mauchamps;91;TR;70;100;20;0;0;70;40;30;10;20
2019;146048;Mauchamps;91;TNT;90;100;15;0;5;75;25;50;10;10
2019;146048;Mauchamps;91;TR;90;100;0;0;0;85;5;80;15;0
2019;146048;Mauchamps;91;TR;75;100;10;0;0;70;5;65;5;25
2019;144909;Harbonnières;80;TNT;80;100;10;0;0;65;0;65;15;20
2019;144909;Harbonnières;80;TR;80;100;15;0;0;80;0;80;10;10
2019;144909;Harbonnières;80;TR;100;100;90;0;0;10;0;10;25;65
2019;144909;Harbonnières;80;TR;90;100;30;0;0;50;0;50;30;20
2019;144909;Harbonnières;80;TR;90;100;80;0;0;50;30;20;40;10
2019;144909;Harbonnières;80;TR;90;100;10;0;0;15;0;15;45;40
2019;CAT_1;Plouigneau;29;TNT;90;100;0;0;0;25;0;25;0;75
2019;CAL_3;Dolo;22;TNT;75;100;0;0;0;50;30;20;5;45
2019;145258;Barc;27;TNT;100;100;0;0;0;70;20;50;8;22
2019;AGR_1;Ruille sur Loir;72;;90;100;95;0;0;5;0;5;95;0
2019;aaejyhgrgefaadvjlmipm;Thaon;14;;100;100;25;0;0;30;15;15;15;55
2019;FA20-GO7;Marchélepot;80;TNT;100;100;20;0;0;60;15;45;15;25
2019;FA20-GO7;Marchélepot;80;TR;100;100;60;0;0;0;0;0;85;15
2019;FA20-GO7;Marchélepot;80;TR;95;100;30;0;0;5;5;0;42;53
2019;FA20-GO7;Marchélepot;80;TR;100;100;35;0;0;10;0;10;18;72
2019;FA20-GO7;Marchélepot;80;TR;90;100;90;0;0;0;0;0;25;75
2019;FA20-GO7;Marchélepot;80;TR;95;45;20;0;0;85;15;70;15;0
2019;azertgfdsdfghjkohgcdce;Buzy;64;;80;80;10;0;10;65;10;55;0;25
2019;azertgfdsdfghjkohgcdce;Buzy;64;;90;100;0;0;0;75;15;60;5;20
2019;azertgfdsdfghjkohgcdce;Buzy;64;;90;95;0;0;0;85;15;70;15;0
2019;azertgfdsdfghjkohgcdce;Buzy;64;;65;100;0;0;0;90;5;85;0;10
2019;144915;Rots;14;TNT;90;100;10;0;0;35;5;30;10;55
2019;144915;Rots;14;TNT;65;100;30;0;0;25;5;20;25;50
2019;144909;Remauville;77;TNT;40;100;0;0;0;65;20;45;15;20
2019;144909;Remauville;77;TR;15;100;0;0;0;70;30;40;10;20
2019;146162;Intreville;28;TNT;60;100;5;0;0;55;5;50;10;35
2019;146162;Intreville;28;TR;85;100;30;0;0;15;15;0;25;60
2019;146162;Intreville;28;TR;30;100;35;0;0;10;0;10;55;35
2019;146162;Intreville;28;TR;30;100;15;0;0;10;0;10;45;45
2019;146162;Intreville;28;TR;35;100;20;0;0;60;15;45;15;25
2019;146162;Intreville;28;TR;100;100;40;0;0;30;20;10;50;20
2019;146162;Intreville;28;TR;80;100;75;0;0;25;5;20;55;20
2019;146162;Intreville;28;TR;40;100;90;0;0;15;5;10;75;10
2019;146162;Intreville;28;TR;25;100;90;0;0;10;0;10;90;0
2019;144909;Harbonnières;80;TNT;75;100;30;0;0;25;5;20;15;60
2019;144909;Harbonnières;80;TR;90;100;0;0;0;80;5;75;20;0
2019;144909;Harbonnières;80;TR;100;100;10;0;0;0;0;0;25;75
2019;144909;Harbonnières;80;TR;90;100;0;0;0;40;0;40;15;45
2019;144909;Harbonnières;80;TR;95;100;80;0;0;10;10;0;72;18
2019;144909;Harbonnières;80;TR;95;100;15;0;0;25;0;25;5;70
2019;144909;Harbonnières;80;TR;90;90;35;0;0;20;5;15;80;0
2019;144909;Harbonnières;80;TR;90;100;100;0;0;0;0;0;40;60
2019;144909;Harbonnières;80;TR;90;100;100;0;0;5;0;5;55;40
2019;146077;Beine Nauroy;51;TNT;90;100;15;0;0;40;0;40;20;40
2019;146077;Beine Nauroy;51;TR;100;100;40;0;0;20;0;20;80;0
2019;146077;Beine Nauroy;51;TR;100;100;90;0;0;70;20;50;25;5
2019;SEV_1;Verneuil sur serre;2;TNT;70;100;15;0;0;10;0;10;25;65
2019;SEV_2;Bassevelle;77;TNT;95;100;0;0;0;25;15;10;33;42
2019;146076;Serches;2;TNT;95;100;0;0;0;30;10;20;15;55
2019;1900321;Nueil sur Layon;49;TNT;35;100;0;0;0;20;10;10;10;70
2019;CJ 209;Sourdon;80;TNT;100;95;10;0;0;75;15;60;0;25
2019;CJ 209;Sourdon;80;TR;100;100;0;0;0;20;15;5;20;60
2020;FD20FRAC05BUG1;Bon Encontre;47;TNT;80;85;0;0;0;90;80;10;0;10
2020;FD20FRAC05BUG1;Bon Encontre;47;TR;70;90;0;0;10;55;45;10;0;35
2020;FD20FRAC05BUG1;Bon Encontre;47;TR;60;70;0;0;0;75;60;15;5;20
2020;FD20FRAC05BUG1;Bon Encontre;47;TR;40;100;0;0;0;80;70;10;0;20
2020;FD20FRAC05BUG1;Bon Encontre;47;TR;50;100;0;0;0;75;75;0;0;25
2020;FD20FRAC05BUG1;Bon Encontre;47;TR;;;;;;;;;;
2020;FD20FRAC05BUG1;Bon Encontre;47;TR;10;100;0;0;0;85;85;0;0;15
2020;FD20FRAC05BUG1;Bon Encontre;47;TR;40;80;0;0;20;80;80;0;0;0
2020;FD20FRAC05BUG1;Bon Encontre;47;TR;;;;;;;;;;
2020;FD20FRAC05BUG1;Bon Encontre;47;TR;;;;;;;;;;
2020;FD20FRAC05BUG1;Bon Encontre;47;TR;20;90;0;0;0;65;65;0;0;35
2020;FD20FRAC05BUG1;Bon Encontre;47;TR;20;100;0;0;30;70;60;10;0;0
2020;FD20FRAC05BUG1;Bon Encontre;47;TR;15;90;0;0;30;70;60;10;0;0
2020;FD20FRAC05BUG1;Bon Encontre;47;TR;;;;;;;;;;
2020;FP20FRAC43BUG1;Feugarolles;47;TR;20;100;0;0;20;80;65;15;0;0
2020;FP20FRAC43BUG1;Feugarolles;47;TR;20;100;0;0;5;95;75;20;0;0
2020;FP20FRAC43BUG1;Feugarolles;47;TR;;;;;;;;;;
2020;FP20FRAC43BUG1;Feugarolles;47;TR;;;;;;;;;;
2020;FP20FRAC43BUG1;Feugarolles;47;TR;;;;;;;;;;
2020;FP20FRAC43BUG1;Feugarolles;47;TR;;;;;;;;;;
2020;JR316;Paudy;36;TNT;;;;;;;;;;
2020;JR314;Paudy;36;TNT;;;;;;;;;;
2020;17460;;17;TNT;90;100;0;0;0;95;95;0;0;5
2020;17460;;17;TR;60;100;0;0;0;100;80;20;0;0
2020;17460;;17;TR;;;;;;;;;;
2020;17460;;17;TR;70;100;0;0;0;100;90;10;0;0
2020;17460;;17;TR;;;;;;;;;;
2020;407 - 3T011 - MONITO - TEMPAR;Morainville Jouveaux;27;TNT;35;100;0;0;0;100;15;85;0;0
2020;407 - 3T011 - MONITO - Modalité 002;Morainville Jouveaux;27;TR;;;;;;;;;;
2020;407 - 3T011 - MONITO - Modalité 003;Morainville Jouveaux;27;TR;40;100;0;0;5;75;60;15;0;20
2020;407 - 3T011 - MONITO - Modalité 004;Morainville Jouveaux;27;TR;45;95;0;0;0;80;70;10;5;15
2020;407 - 3T011 - MONITO - Modalité 005;Morainville Jouveaux;27;TR;35;100;0;0;0;60;50;10;0;40
2020;407 - 3T011 - MONITO - Modalité 007;Morainville Jouveaux;27;TR;75;100;0;0;10;60;50;10;5;25
2020;599 - 3T010A - MONITO - TEMPAR;L herbergement;85;TNT;0;100;0;0;0;50;50;0;0;50
2020;599- 3T010A - MONITO - MODALITE 4;L herbergement;85;TR;15;100;50;0;0;0;0;0;15;85
2020;599 - 3T010A - MONITO - MODALITE 7;L herbergement;85;TR;80;100;45;0;0;10;10;0;10;80
2020;L22;Vieuvicq;28;TNT;80;100;0;0;0;25;25;0;10;65
2020;L23;Vieuvicq;28;TR;70;100;33;0;5;15;15;0;30;50
2020;L24;Vieuvicq;28;TR;45;100;20;0;5;15;15;0;35;45
2020;L25;Vieuvicq;28;TR;20;100;10;0;0;15;5;10;15;70
2020;L26;Vieuvicq;28;TR;45;100;10;0;0;0;0;0;15;85
2020;L27;Vieuvicq;28;TR;100;100;25;0;0;10;10;0;15;75
2020;FD20FRAC05BEN1;;37;TNT;70;100;5;0;0;10;10;0;0;90
2020;FD20FRAC05BEN1;;37;TR;40;100;0;0;0;10;10;0;5;85
2020;FD20FRAC05BEN1;;37;TR;45;100;5;0;0;25;25;0;20;55
2020;FD20FRAC05BEN1;;37;TR;85;100;0;0;0;0;0;0;25;75
2020;FD20FRAC05BEN1;;37;TR;60;100;10;0;0;10;10;0;0;90
2020;FD20FRAC05BEN1;;37;TR;;;;;;;;;;
2020;FD20FRAC05BEN1;;37;TR;80;100;10;0;0;45;45;0;20;35
2020;FD20FRAC05BEN1;;37;TR;10;100;0;0;0;0;0;0;0;100
2020;FD20FRAC05BEN1;;37;TR;;;;;;;;;;
2020;FD20FRAC05BEN1;;37;TR;;;;;;;;;;
2020;FD20FRAC05BEN1;;37;TR;100;100;10;0;0;20;20;0;5;75
2020;FD20FRAC05BEN1;;37;TR;;;;;;;;;;
2020;FD20FRAC05BEN1;;37;TR;30;100;10;0;0;20;20;0;15;65
2020;FD20FRAC05BEN1;;37;TR;;;;;;;;;;
2020;RFAC07ZBI1;Bédée;35;TNT;45;100;0;0;0;10;10;0;10;80
2020;RFAC07ZBI1;Bédée;35;TR;;;;;;;;;;
2020;RFAC07ZBI1;Bédée;35;TR;60;100;40;0;0;0;0;0;0;100
2020;RFAC07ZBI1;Bédée;35;TR;70;95;80;0;0;10;10;0;10;80
2020;RFAC07ZBI1;Bédée;35;TR;70;100;70;0;0;10;10;0;40;50
2020;RFAC07ZBI1;Bédée;35;TR;90;100;0;0;0;0;0;0;0;100
2020;RFAC07ZBI1;Bédée;35;TR;90;100;10;0;0;10;10;0;15;75
2020;RFAC07ZBI1;Bédée;35;TR;90;100;5;0;0;0;0;0;45;55
2020;RFAC07ZBI1;Bédée;35;TR;20;100;10;0;0;0;0;0;30;70
2020;RFAC07ZBI1;Bédée;35;TR;80;100;0;0;0;0;0;0;5;95
2020;RFAC07ZBI1;Bédée;35;TR;25;100;10;0;0;0;0;0;0;100
2020;RFAC07ZBI1;Bédée;35;TR;;;;;;;;;;
2020;RFAC07ZBI1;Bédée;35;TR;;;;;;;;;;
2020;RFAC07ZBI1;Bédée;35;TR;;;;;;;;;;
2020;20100fgc1;Rouille;86;TNT;65;100;10;0;0;10;10;0;15;75
2020;20100fgc1;Rouille;86;TR;;;;;;;;;;
2020;20100fgc1;Rouille;86;TR;;;;;;;;;;
2020;20100fgc1;Rouille;86;TR;;;;;;;;;;
2020;20100fgc1;Rouille;86;TR;;;;;;;;;;
2020;20100fgc1;Rouille;86;TR;;;;;;;;;;
2020;223 - 3T010A - MONITO - TEMPAR;Mazeuil;86;TNT;90;100;10;0;0;10;10;0;10;80
2020;223 - 3T010A - MONITO - Modalité 004;Mazeuil;86;TR;;;;;;;;;;
2020;223 - 3T010A - MONITO - Modalité 007;Mazeuil;86;TR;;;;;;;;;;
2020;787 - 3T011 - MONITO - TEMPAR  2 Oregrain;Saint Genis de Saintonge;17;TNT;100;80;0;0;0;20;10;10;10;70
2020;787 - 3T011 - MONITO - Modalité 002  2 Oregrain;Saint Genis de Saintonge;17;TR;;;;;;;;;;
2020;787 - 3T011 - MONITO - Modalité 003  2 Oregrain;Saint Genis de Saintonge;17;TR;95;100;20;0;0;15;15;0;5;80
2020;787 - 3T011 - MONITO - Modalité 004  2 Oregrain;Saint Genis de Saintonge;17;TR;55;100;0;0;30;30;20;10;0;40
2020;787 - 3T011 - MONITO - Modalité 005  2 Oregrain;Saint Genis de Saintonge;17;TR;80;100;0;0;0;10;10;0;0;90
2020;787 - 3T011 - MONITO - Modalité 007  2 Oregrain;Saint Genis de Saintonge;17;TR;80;95;0;0;10;70;60;10;0;20
2020;787 - 3T011 - MONITO - TEMPAR  1 LG Absalon;Saint Genis de Saintonge;17;TNT;;;;;;;;;;
2020;787 - 3T011 - MONITO - Modalité 002  1 LG Absalon;Saint Genis de Saintonge;17;TR;;;;;;;;;;
2020;787 - 3T011 - MONITO - Modalité 003  1 LG Absalon;Saint Genis de Saintonge;17;TR;90;100;0;0;0;80;80;0;0;20
2020;787 - 3T011 - MONITO - Modalité 004  1 LG Absalon;Saint Genis de Saintonge;17;TR;90;100;0;0;0;30;30;0;0;70
2020;787 - 3T011 - MONITO - Modalité 005  1 LG Absalon;Saint Genis de Saintonge;17;TR;;;;;;;;;;
2020;787 - 3T011 - MONITO - Modalité 007  1 LG Absalon;Saint Genis de Saintonge;17;TR;;;;;;;;;;
2020;jiiafabvziebvizbvzicia;;;;75;100;0;0;5;5;5;0;5;85
2020;jiiafabvziebvizbvzicia;;;;100;100;0;0;0;25;25;0;0;75
2020;jiiafabvziebvizbvzicia;;;;;;;;;;;;;
2020;jiiafabvziebvizbvzicia;;;;80;100;0;0;5;5;5;0;5;85
2020;FP20FRAC43ZBI2;Mereville;91;TNT;80;100;0;0;0;20;15;5;2;78
2020;FP20FRAC43ZBI4;Roches;41;TNT;90;100;0;0;0;80;80;0;0;20
2020;FP20FRAC43ZBI4;Roches;41;TR;;;;;;;;;;
2020;FP20FRAC43ZBI4;Roches;41;TR;;;;;;;;;;
2020;FP20FRAC43ZBI4;Roches;41;TR;30;100;0;0;0;10;10;0;0;90
2020;FP20FRAC43ZBI4;Roches;41;TR;;;;;;;;;;
2020;FP20FRAC43ZBI4;Roches;41;TR;100;100;0;0;0;50;50;0;0;50
2020;148489;Montauban de Bretagne;35;TNT;70;100;20;0;0;25;25;0;5;70
2020;148489;Montauban de Bretagne;35;TR;100;100;0;0;0;0;0;0;0;100
2020;148489;Montauban de Bretagne;35;TR;75;100;15;0;0;10;10;0;25;65
2020;148489;Montauban de Bretagne;35;TR;30;100;30;0;0;0;0;0;0;100
2020;148489;Montauban de Bretagne;35;TR;90;100;20;0;0;0;0;0;15;85
2020;148489;Montauban de Bretagne;35;TR;65;100;5;0;0;0;0;0;15;85
2020;148489;Montauban de Bretagne;35;TR;80;100;20;0;0;10;10;0;0;90
2020;RIC1;ST AULAIS LA CHAPELLE;16;TNT;35;100;0;0;0;10;10;0;0;90
2020;RIC1;ST AULAIS LA CHAPELLE;16;TR;25;100;0;0;5;5;5;0;0;90
2020;RIC1;ST AULAIS LA CHAPELLE;16;TR;85;100;0;0;0;5;5;0;0;95
2020;RIC1;ST AULAIS LA CHAPELLE;16;TR;35;100;0;0;0;55;55;0;5;40
2020;RIC1;ST AULAIS LA CHAPELLE;16;TR;45;100;0;0;0;55;50;5;5;40
2020;RIC1;ST AULAIS LA CHAPELLE;16;TR;45;100;0;0;5;5;0;5;15;75
2020;RIC1;ST AULAIS LA CHAPELLE;16;TR;50;100;0;0;0;30;30;0;15;55
2020;RIC1;ST AULAIS LA CHAPELLE;16;TR;70;100;0;0;5;10;5;5;15;70
2020;RIC1;ST AULAIS LA CHAPELLE;16;TR;70;100;5;0;0;15;15;0;10;75
2020;RIC1;ST AULAIS LA CHAPELLE;16;TR;70;100;10;0;0;5;5;0;5;90
2020;RIC1;ST AULAIS LA CHAPELLE;16;TR;50;100;0;0;5;35;30;5;5;55
2020;RIC1;ST AULAIS LA CHAPELLE;16;TR;60;100;10;0;5;10;10;0;10;75
2020;RIC1;ST AULAIS LA CHAPELLE;16;TR;90;100;0;0;0;15;15;0;5;80
2020;RIC1;ST AULAIS LA CHAPELLE;16;TR;100;100;10;0;0;5;5;0;5;90
2020;148541;Henrichemont;18;TNT;;;;;;;;;;
2020;148541;Henrichemont;18;TR;;;;;;;;;;
2020;148541;Henrichemont;18;TR;;;;;;;;;;
2020;148541;Henrichemont;18;TR;;;;;;;;;;
2020;148541;Henrichemont;18;TR;;;;;;;;;;
2020;148541;Henrichemont;18;TR;;;;;;;;;;
2020;qszhiubcbcbabc;ROCHES PREMARIE ANDILLE;86;;;;;;;;;;;
2020;dcbnjnzibziefuae;Aslonnes;86;;85;100;0;0;5;10;10;0;10;75
2020;cdkdcnjvbhvbzvibjaoapamc;USSON DU POITOU;86;;65;100;5;0;0;10;10;0;40;50
2020;cbqscoacnajzdfbjzebfbqnscn;SAINT BENOIT;86;;30;95;0;0;0;25;25;0;20;55
2020;snafnjdjnfrhvnnczbhzjzksl;Iteuil;86;;25;100;0;0;0;10;10;0;25;65
2020;soakfherbfzhbciabvrvnac;MARNAY;86;;30;100;0;0;0;25;25;0;20;55
2020;147645;Viévy le Rayé;41;TNT;90;100;15;0;0;40;40;0;10;50
2020;147645;Viévy le Rayé;41;TR;80;100;30;0;0;10;10;0;5;85
2020;147645;Viévy le Rayé;41;TR;;;;;;;;;;
2020;147645;Viévy le Rayé;41;TR;90;100;50;0;0;50;50;0;35;15
2020;147645;Viévy le Rayé;41;TR;;;;;;;;;;
2020;147645;Viévy le Rayé;41;TR;;;;;;;;;;
2020;147549;Viévy le Rayé;41;TR;40;100;0;0;5;35;35;0;10;50
2020;147999;Saint-Germain-Laxis;77;TNT;80;100;2;0;0;80;80;0;10;10
2020;147999;Saint-Germain-Laxis;77;TR;;;;;;;;;;
2020;147999;Saint-Germain-Laxis;77;TR;;;;;;;;;;
2020;147999;Saint-Germain-Laxis;77;TR;;;;;;;;;;
2020;147999;Saint-Germain-Laxis;77;TR;;;;;;;;;;
2020;147999;Saint-Germain-Laxis;77;TR;90;100;0;0;0;40;40;0;0;60
2020;147999;Montabard;61;TNT;80;100;0;0;0;5;5;0;10;85
2020;147999;Montabard;61;TR;85;100;15;0;0;10;10;0;15;75
2020;147999;Montabard;61;TR;;;;;;;;;;
2020;147999;Montabard;61;TR;;;;;;;;;;
2020;147999;Montabard;61;TR;;;;;;;;;;
2020;147999;Montabard;61;TR;;;;;;;;;;
2020;L120FC19;Bouligneux;1;TR;100;100;15;0;0;60;60;0;15;25
2020;L120FC19;Bouligneux;1;TR;35;100;0;0;0;65;65;0;0;35
2020;L120FC19;Bouligneux;1;TR;100;100;0;0;0;70;70;0;10;20
2020;L120FC19;Bouligneux;1;TR;40;95;0;0;0;10;10;0;35;55
2020;L120FC19;Bouligneux;1;TNT;100;100;10;0;0;85;85;0;10;5
2020;147547;Bignan;56;TNT;80;100;0;0;0;10;10;0;0;90
2020;1746;Lauzach;56;TNT;100;100;0;0;0;30;30;0;50;20
2020;1746;Lauzach;56;TR;;;;;;;;;;
2020;1746;Lauzach;56;TR;35;100;0;0;0;20;20;0;0;80
2020;1746;Lauzach;56;TR;85;90;50;0;0;10;10;0;20;70
2020;1746;Lauzach;56;TR;;;;;;;;;;
2020;1746;Lauzach;56;TR;;;;;;;;;;
2020;SO1887;Sandarville;28;TR;35;100;0;0;0;70;70;0;15;15
2020;SO1887;Sandarville;28;TR;50;95;0;0;0;30;30;0;5;65
2020;SO1887;Sandarville;28;TR;100;100;0;0;0;5;5;0;45;50
2020;SO1887;Sandarville;28;TR;95;85;0;0;0;5;5;0;20;75
2020;SO1887;Sandarville;28;TR;80;100;0;0;0;80;80;0;0;20
2020;SO1887;Sandarville;28;TR;90;95;0;0;0;15;15;0;35;50
2020;SO1887;Sandarville;28;TR;95;100;0;0;0;0;0;0;45;55
2020;SO1887;Sandarville;28;TR;70;100;0;0;0;40;40;0;40;20
2020;SO1887;Sandarville;28;TR;95;100;20;0;0;15;0;15;30;55
2020;SO1887;Sandarville;28;TR;100;100;25;0;0;30;30;0;60;10
2020;SO1887;Sandarville;28;TR;95;100;0;0;0;0;0;0;15;85
2020;SO1887;Sandarville;28;TR;100;100;25;0;0;20;20;0;80;0
2020;FRAC43ZBI3;Bédée;35;TNT;80;100;5;0;0;15;15;0;0;85
2020;FRAC43ZBI3;Bédée;35;TR;70;100;15;0;0;20;20;0;35;45
2020;FRAC43ZBI3;Bédée;35;TR;60;100;15;0;0;0;0;0;5;95
2020;FRAC43ZBI3;Bédée;35;TR;60;100;15;0;0;0;0;0;15;85
2020;FRAC43ZBI3;Bédée;35;TR;50;100;10;0;0;10;10;0;15;75
2020;FRAC43ZBI3;Bédée;35;TR;50;100;5;0;0;10;10;0;10;80
2020;FPC44;Vionville;57;TNT;100;100;5;0;0;35;35;0;10;55
2020;FPC44;Vionville;57;TR;70;100;20;0;0;0;0;0;15;85
2020;FPC44;Vionville;57;TR;75;100;15;0;0;10;10;0;30;60
2020;FPC44;Vionville;57;TR;;;;;;;;;;
2020;DIJ054;Perthes-lès-Brienne ;10;TNT;50;100;5;0;0;15;15;0;25;60
2020;DIJ054;Perthes-lès-Brienne ;10;TNT;25;100;0;0;0;50;50;0;0;50
2020;DIJ054;Perthes-lès-Brienne ;10;TR;30;100;0;0;0;70;70;0;15;15
2020;DIJ054;Perthes-lès-Brienne ;10;TR;25;100;30;0;0;0;0;0;30;70
2020;DIJ054;Perthes-lès-Brienne ;10;TR;30;100;0;0;0;80;80;0;10;10
2020;DIJ054;Perthes-lès-Brienne ;10;TR;;;;;;;;;;
2020;DIJ054;Perthes-lès-Brienne ;10;TR;100;100;0;0;0;10;10;0;25;65
2020;DIJ055;Perthes-lès-Brienne ;10;TR;100;100;20;0;0;80;80;0;0;20
2020;147653;ST Bonnet De Mure;69;TR;60;100;15;0;5;10;10;0;10;75
2020;147653;ST Bonnet De Mure;69;TR;80;100;0;0;0;30;30;0;20;50
2020;146502;ST Bonnet De Mure;69;TNT;;;;;;;;;;
2020;knjzevbhvbhvzjcjcajz;ROCHES;41;;80;100;20;0;0;50;50;0;15;35
2020;knjzevbhvbhvzjcjcajz;ROCHES;41;;;;;;;;;;;
2020;knjzevbhvbhvzjcjcajz;ROCHES;41;;;;;;;;;;;
2020;knjzevbhvbhvzjcjcajz;ROCHES;41;;;;;;;;;;;
2020;knjzevbhvbhvzjcjcajz;ROCHES;41;;100;90;40;0;0;0;0;0;20;80
2020;knjzevbhvbhvzjcjcajz;ROCHES;41;;25;100;0;0;0;70;70;0;10;20
2020;knjzevbhvbhvzjcjcajz;ROCHES;41;;100;100;20;0;0;0;0;0;60;40
2020;knjzevbhvbhvzjcjcajz;ROCHES;41;;25;15;0;0;0;0;0;0;90;10
2020;knjzevbhvbhvzjcjcajz;ROCHES;41;;100;100;0;0;0;10;10;0;45;45
2020;knjzevbhvbhvzjcjcajz;ROCHES;41;;100;100;0;0;0;10;10;0;0;90
2020;CH326;Unverre;28;TNT;65;100;0;0;5;5;5;0;20;70
2020;CH325;Marboué;28;TNT;50;100;5;0;5;5;5;0;20;70
2020;147652;Bignan;56;;80;100;35;0;0;10;10;0;10;80
2020;147652;Bignan;56;;;;;;;;;;;
2020;AB108;;36;TNT;40;100;0;0;5;35;25;10;0;60
2020;147649;Thizay;36;;;;;;;;;;;
2020;147649;Thizay;36;;50;100;0;0;0;20;0;20;10;70
2020;148544;Saint Pourçain sur Besbre;3;TNT;60;100;0;0;0;20;20;0;10;70
2020;148544;Saint Pourçain sur Besbre;3;TR;;;;;;;;;;
2020;148544;Saint Pourçain sur Besbre;3;TR;80;100;0;0;0;10;10;0;40;50
2020;148544;Saint Pourçain sur Besbre;3;TR;65;100;25;0;0;20;20;0;50;30
2020;148544;Saint Pourçain sur Besbre;3;TR;90;100;5;0;0;10;10;0;20;70
2020;148544;Saint Pourçain sur Besbre;3;TR;80;100;0;0;0;0;0;0;0;100
2020;148544;Saint Pourçain sur Besbre;3;TR;90;100;0;0;0;20;20;0;25;55
2020;148544;Saint Pourçain sur Besbre;3;TR;80;100;0;0;0;40;40;0;30;30
2020;148544;Saint Pourçain sur Besbre;3;TR;40;100;0;0;0;70;10;60;20;10
2020;148544;Saint Pourçain sur Besbre;3;TR;;;;;;;;;;
2020;148505;Inchy-en-Artois;62;TNT;70;100;10;0;0;10;10;0;15;75
2020;148505;Inchy-en-Artois;62;TR;80;100;10;0;0;10;10;0;20;70
2020;148505;Inchy-en-Artois;62;TR;80;100;20;0;0;0;0;0;35;65
2020;148505;Inchy-en-Artois;62;TR;75;100;15;0;0;0;0;0;80;20
2020;148505;Inchy-en-Artois;62;TR;90;100;80;0;0;10;10;0;80;10
2020;148505;Inchy-en-Artois;62;TR;80;100;30;0;0;0;0;0;30;70
2020;148505;Inchy-en-Artois;62;TR;80;100;20;0;0;10;10;0;15;75
2020;148505;Inchy-en-Artois;62;TR;80;100;10;0;0;10;10;0;60;30
2020;147593;Dury;2;TNT;100;100;0;0;0;0;0;0;75;25
2020;147593;Dury;2;TR;90;100;100;0;0;0;0;0;80;20
2020;147593;Dury;2;TR;90;100;0;0;0;0;0;0;70;30
2020;147593;Dury;2;TR;90;100;80;0;0;0;0;0;20;80
2020;147646;Dury;2;TNT;90;100;15;0;0;10;10;0;25;65
2020;147646;Dury;2;TR;100;100;70;0;0;0;0;0;30;70
2020;147646;Dury;2;TR;;;;;;;;;;
2020;147646;Dury;2;TR;100;100;80;0;0;0;0;0;80;20
2020;147646;Dury;2;TR;95;100;60;0;0;20;20;0;20;60
2020;147646;Dury;2;TR;95;100;20;0;0;0;0;0;90;10
2020;147646;Dury;2;TR;100;100;90;0;0;0;0;0;80;20
2020;147644;La Cheppe;51;TNT;95;100;0;0;0;10;10;0;10;80
2020;147644;La Cheppe;51;TR;;;;;;;;;;
2020;147644;La Cheppe;51;TR;;;;;;;;;;
2020;147644;La Cheppe;51;TR;;;;;;;;;;
2020;147644;La Cheppe;51;TR;70;100;35;0;0;20;20;0;40;40
2020;147644;La Cheppe;51;TR;;;;;;;;;;
2020;147644;La Cheppe;51;TR;80;90;90;0;0;10;10;0;90;0
2020;147644;La Cheppe;51;TR;;;;;;;;;;
2020;147644;La Cheppe;51;TR;;;;;;;;;;
2020;147644;La Cheppe;51;TR;;;;;;;;;;
2020;pqskcjnbvucahjqozehbiv;Cravant;45;TNT;95;100;10;0;0;0;0;0;30;70
2020;pqskcjnbvucahjqozehbiv;Cravant;45;TR;90;100;40;0;0;0;0;0;60;40
2020;pqskcjnbvucahjqozehbiv;Cravant;45;TR;75;100;30;0;0;10;10;0;10;80
2020;pqskcjnbvucahjqozehbiv;Cravant;45;TR;90;100;15;0;0;10;10;0;40;50
2020;pqskcjnbvucahjqozehbiv;Cravant;45;TR;85;100;5;0;0;20;20;0;25;55
2020;pqskcjnbvucahjqozehbiv;Cravant;45;TR;40;90;5;0;0;10;10;0;10;80
2020;pqskcjnbvucahjqozehbiv;Cravant;45;TR;40;100;0;0;0;10;10;0;0;90
2020;pqskcjnbvucahjqozehbiv;Cravant;45;TR;40;90;5;0;0;5;5;0;25;70
2020;pqskcjnbvucahjqozehbiv;Cravant;45;TR;50;100;15;0;0;20;10;10;30;50
2020;pqskcjnbvucahjqozehbiv;Cravant;45;TR;80;100;5;0;0;0;0;0;30;70
2020;pqskcjnbvucahjqozehbiv;Cravant;45;TR;50;100;15;0;0;10;10;0;10;80
2020;pqskcjnbvucahjqozehbiv;Cravant;45;TR;70;100;40;0;0;10;10;0;20;70
2020;pqskcjnbvucahjqozehbiv;Cravant;45;TR;70;100;5;0;0;25;25;0;10;65
2020;pqskcjnbvucahjqozehbiv;Cravant;45;TR;75;100;15;0;0;20;20;0;15;65
2020;148508;Villers-Bocage;80;TNT;100;100;20;0;0;30;30;0;15;55
2020;148508;Villers-Bocage;80;TR;90;100;20;0;0;10;10;0;10;80
2020;148508;Villers-Bocage;80;TR;90;100;15;0;0;0;0;0;15;85
2020;148508;Villers-Bocage;80;TR;90;100;90;0;0;0;0;0;25;75
2020;148508;Villers-Bocage;80;TR;90;100;25;0;0;10;10;0;15;75
2020;148508;Villers-Bocage;80;TR;95;100;5;0;0;0;0;0;90;10
2020;BAY-FE20BT-4967-CO;Sennecay;18;TNT;90;100;0;0;0;50;50;0;15;35
2020;BAY-FE20BT-4967-CO;Sennecay;18;TR;90;100;0;0;0;60;60;0;10;30
2020;BAY-FE20BT-4967-CO;Sennecay;18;TR;95;100;0;0;0;10;10;0;10;80
2020;BAY-FE20BT-4967-CO;Sennecay;18;TR;90;100;0;0;0;40;40;0;10;50
2020;BAY-FE20BT-4967-CO;Sennecay;18;TR;70;100;20;0;0;70;70;0;25;5
2020;BAY-FE20BT-4967-CO;Sennecay;18;TR;60;100;5;0;0;70;70;0;20;10
2020;C43ZAD2;Warlus;62;TNT;100;100;30;0;0;50;50;0;15;35
2020;C43ZAD2;Warlus;62;TR;90;100;25;0;0;10;10;0;35;55
2020;C43ZAD2;Warlus;62;TR;100;100;60;0;0;0;0;0;40;60
2020;C43ZAD2;Warlus;62;TR;100;100;25;0;0;10;10;0;50;40
2020;C43ZAD2;Warlus;62;TR;90;100;60;0;0;0;0;0;70;30
2020;C44ZAD1;Warlus;62;TNT;100;100;15;0;0;15;15;0;35;50
2020;C44ZAD1;Warlus;62;TR;95;100;50;0;0;5;5;0;40;55
2020;C44ZAD1;Warlus;62;TR;100;100;100;0;0;0;0;0;90;10
2020;C44ZAD1;Warlus;62;TR;95;100;50;0;0;5;5;0;40;55
2020;C44ZAD1;Warlus;62;TR;100;100;60;0;0;10;10;0;80;10
2020;147999;Gouy-sous-Bellonne;62;TNT;100;100;0;0;0;10;10;0;15;75
2020;147999;Gouy-sous-Bellonne;62;TR;100;100;0;0;0;0;0;0;50;50
2020;147999;Gouy-sous-Bellonne;62;TR;100;100;0;0;0;10;10;0;15;75
2020;147999;Gouy-sous-Bellonne;62;TR;100;95;15;0;0;5;5;0;25;70
2020;147999;Gouy-sous-Bellonne;62;TR;95;100;30;0;0;5;5;0;25;70
2020;147999;Gouy-sous-Bellonne;62;TR;90;100;30;0;0;0;0;0;15;85
2020;147999;Gouy-sous-Bellonne;62;TR;90;100;0;0;0;50;50;0;0;50
2020;148501;Saint Amand;62;TNT;90;100;30;0;0;0;0;0;15;85
2020;148501;Saint Amand;62;TR;;;;;;;;;;
2020;148501;Saint Amand;62;TR;100;100;90;0;0;0;0;0;100;0
2020;148501;Saint Amand;62;TR;100;100;90;0;0;0;0;0;30;70
2020;148501;Saint Amand;62;TR;80;100;100;0;0;0;0;0;50;50
2020;148501;Saint Amand;62;TR;75;100;35;0;0;0;0;0;25;75
2020;S20-02789-01;Hautot St sulpice;76;;100;100;10;0;0;0;0;0;40;60
2020;S20-02789-01;Hautot St sulpice;76;;90;100;15;0;0;20;20;0;5;75
2020;S20-02789-01;Hautot St sulpice;76;;100;100;15;0;0;10;10;0;10;80
2020;S20-02789-01;Hautot St sulpice;76;;95;100;15;0;0;0;0;0;25;75
2020;S20-02789-01;Hautot St sulpice;76;;85;95;15;0;0;20;20;0;0;80
2020;onvbhevhbeibaad;Chamarande;91;TNT;85;95;0;0;0;20;20;0;0;80
2020;onvbhevhbeibaad;Chamarande;91;TR;100;100;0;0;0;40;40;0;5;55
2020;onvbhevhbeibaad;Chamarande;91;TR;100;100;20;0;0;15;15;0;30;55
2020;onvbhevhbeibaad;Chamarande;91;TR;;;;;;;;;;
2020;onvbhevhbeibaad;Chamarande;91;TR;;;;;;;;;;
2020;148481;Puiselet Le Marais;91;TNT;50;100;0;0;0;60;60;0;5;35
2020;148481;Puiselet Le Marais;91;TR;;;;;;;;;;
2020;148481;Puiselet Le Marais;91;TR;;;;;;;;;;
2020;148481;Puiselet Le Marais;91;TR;;;;;;;;;;
2020;148481;Puiselet Le Marais;91;TR;;;;;;;;;;
2020;148481;Puiselet Le Marais;91;TR;;;;;;;;;;
2020;225 - 3T010A - MONITO - TEMPAR;Denezé sous Doué;49;TNT;50;100;10;0;0;55;55;0;0;45
2020;225 - 3T010A - MONITO - Modalité 004;Denezé sous Doué;49;TR;95;100;0;0;0;10;10;0;80;10
2020;225 - 3T010A - MONITO - Modalité 007;Denezé sous Doué;49;TR;90;100;0;0;0;5;5;0;85;10
2020;553 - 3T011 - MONITO - TEMPAR;Triguères;45;TNT;;;;;;;;;;
2020;553 - 3T011 - MONITO - Modalité 002;Triguères;45;TR;100;100;0;0;0;20;20;0;40;40
2020;553 - 3T011 - MONITO - Modalité 003;Triguères;45;TR;95;100;10;0;0;10;10;0;20;70
2020;553 - 3T011 - MONITO - Modalité 004;Triguères;45;TR;90;100;15;0;0;0;0;0;10;90
2020;553 - 3T011 - MONITO - Modalité 005;Triguères;45;TR;95;100;0;0;0;30;30;0;20;50
2020;553 - 3T011 - MONITO - Modalité 007;Triguères;45;TR;;;;;;;;;;
2020;147650;OUZOUER LE MARCHE;41;TR;;;;;;;;;;
2020;147650;OUZOUER LE MARCHE;41;;;;;;;;;;;
2020;Desangosse76;Hautot St Sulpice;76;;100;100;5;0;5;10;10;0;10;75
2020;Desangosse77;Hautot St Sulpice;76;;;;;;;;;;;
2020;Desangosse78;Hautot St Sulpice;76;;90;100;25;0;0;0;0;0;20;80
2020;Desangosse79;Hautot St Sulpice;76;;90;100;20;0;0;10;10;0;15;75
2020;Desangosse80;Hautot St Sulpice;76;;90;100;10;0;0;15;15;0;5;80
2020;148488;CAMBES EN PLAINE;14;TNT;;;;;;;;;;
2020;148488;CAMBES EN PLAINE;14;TR;;;;;;;;;;
2020;148488;CAMBES EN PLAINE;14;TR;;;;;;;;;;
2020;148488;CAMBES EN PLAINE;14;TR;;;;;;;;;;
2020;148488;CAMBES EN PLAINE;14;TR;90;100;20;0;0;0;0;0;0;100
2020;148488;CAMBES EN PLAINE;14;TR;;;;;;;;;;
2020;148488;CAMBES EN PLAINE;14;TR;;;;;;;;;;
2020;148488;CAMBES EN PLAINE;14;TR;;;;;;;;;;
2020;148488;CAMBES EN PLAINE;14;TR;;;;;;;;;;
2020;148488;CAMBES EN PLAINE;14;TR;;;;;;;;;;
2020;148488;CAMBES EN PLAINE;14;TR;;;;;;;;;;
2020;148488;CAMBES EN PLAINE;14;TR;;;;;;;;;;
2020;G15;Ecouis;27;TNT;90;100;40;0;0;10;10;0;20;70
2020;G15;Ecouis;27;TR;90;10;20;0;0;30;30;0;40;30
2020;G15;Ecouis;27;TR;80;100;10;0;0;5;5;0;15;80
2020;G15;Ecouis;27;TR;90;100;20;0;0;0;0;0;20;80
2020;G15;Ecouis;27;TR;90;100;30;0;0;0;0;0;10;90
2020;G15;Ecouis;27;TR;85;100;30;0;0;10;10;0;15;75
2020;CHA1;Corcelles les Citeaux;21;TNT;85;100;0;0;0;10;10;0;15;75
2020;CHA1;Corcelles les Citeaux;21;TR;40;100;5;0;0;10;10;0;45;45
2020;CHA1;Corcelles les Citeaux;21;TR;40;100;0;0;0;50;50;0;10;40
2020;CHA1;Corcelles les Citeaux;21;TR;60;100;15;0;0;70;70;0;15;15
2020;CHA1;Corcelles les Citeaux;21;TR;70;100;10;0;0;10;10;0;15;75
2020;CHA1;Corcelles les Citeaux;21;TR;90;100;10;0;0;5;5;0;30;65
2020;CHA1;Corcelles les Citeaux;21;TR;60;100;0;0;0;15;15;0;15;70
2020;CHA1;Corcelles les Citeaux;21;TR;100;100;0;0;0;0;0;0;50;50
2020;CHA1;Corcelles les Citeaux;21;TR;80;100;10;0;0;10;10;0;30;60
2020;CHA1;Corcelles les Citeaux;21;TR;90;100;30;0;0;10;10;0;20;70
2020;CHA1;Corcelles les Citeaux;21;TR;50;100;10;0;0;20;20;0;60;20
2020;CHA1;Corcelles les Citeaux;21;TR;75;100;50;0;0;20;20;0;40;40
2020;CHA1;Corcelles les Citeaux;21;TR;80;100;20;0;0;20;20;0;40;40
2020;CHA1;Corcelles les Citeaux;21;TR;60;100;20;0;0;10;10;0;80;10
2020;148485;ALLEMANCHE LAUNAY ET SOYER;51;TNT;;;;;;;;;;
2020;148485;ALLEMANCHE LAUNAY ET SOYER;51;TR;;;;;;;;;;
2020;148485;ALLEMANCHE LAUNAY ET SOYER;51;TR;;;;;;;;;;
2020;148485;ALLEMANCHE LAUNAY ET SOYER;51;TR;;;;;;;;;;
2020;148485;ALLEMANCHE LAUNAY ET SOYER;51;TR;;;;;;;;;;
2020;148485;ALLEMANCHE LAUNAY ET SOYER;51;TR;;;;;;;;;;
2020;148485;ALLEMANCHE LAUNAY ET SOYER;51;TR;;;;;;;;;;
2020;C07ZAD1;Warlus;62;TNT;90;100;15;0;0;20;20;0;20;60
2020;C07ZAD1;Warlus;62;TR;100;100;50;0;0;0;0;0;50;50
2020;C07ZAD1;Warlus;62;TR;90;100;0;0;0;10;10;0;20;70
2020;C07ZAD1;Warlus;62;TR;90;100;20;0;0;0;0;0;35;65
2020;C07ZAD1;Warlus;62;TR;95;100;30;0;0;5;5;0;15;80
2020;C07ZAD1;Warlus;62;TR;100;100;15;0;0;5;5;0;40;55
2020;C07ZAD1;Warlus;62;TR;95;100;80;0;0;0;0;0;50;50
2020;C07ZAD1;Warlus;62;TR;90;100;30;0;0;5;5;0;45;50
2020;C07ZAD1;Warlus;62;TR;90;100;50;0;0;5;5;0;35;60
2020;C07ZAD1;Warlus;62;TR;100;100;40;0;0;5;5;0;50;45
2020;C07ZAD1;Warlus;62;TR;100;100;15;0;0;0;0;0;45;55
2020;C07ZAD1;Warlus;62;TR;95;100;30;0;0;10;10;0;20;70
2020;C07ZAD1;Warlus;62;TR;90;100;20;0;0;70;70;0;25;5
2020;C07ZAD1;Warlus;62;TR;95;100;25;0;0;0;0;0;25;75
2020;148484;Estouches;91;TNT;75;95;0;0;5;60;60;0;0;35
2020;148484;Estouches;91;TR;;;;;;;;;;
2020;148484;Estouches;91;TR;;;;;;;;;;
2020;148484;Estouches;91;TR;;;;;;;;;;
2020;BAY-FE20BT-05069-AC;Cleres;76;TNT;90;100;10;0;0;65;10;55;0;35
2020;BAY-FE20BT-05069-AC;Cleres;76;TR;;;;;;;;;;
2020;BAY-FE20BT-05069-AC;Cleres;76;TR;95;100;10;0;0;70;70;0;0;30
2020;BAY-FE20BT-05069-AC;Cleres;76;TR;;;;;;;;;;
2020;BAY-FE20BT-05069-AC;Cleres;76;TR;;;;;;;;;;
2020;BAY-FE20BT-05068-AC;Cleres;76;TNT;90;100;20;0;0;50;50;0;5;45
2020;BAY-FE20BT-05068-AC;Cleres;76;TR;;;;;;;;;;
2020;BAY-FE20BT-05068-AC;Cleres;76;TR;;;;;;;;;;
2020;BAY-FE20BT-05068-AC;Cleres;76;TR;95;100;30;0;0;50;50;0;10;40
2020;BAY-FE20BT-05068-AC;Cleres;76;TR;;;;;;;;;;
2020;lqkjdvbucizbrycuebvcuyz;La Caure;51;TNT;70;100;25;0;5;15;15;0;30;50
2020;lqkjdvbucizbrycuebvcuyz;La Caure;51;TR;90;100;20;0;0;15;15;0;20;65
2020;lqkjdvbucizbrycuebvcuyz;La Caure;51;TR;90;100;5;0;0;10;10;0;20;70
2020;lqkjdvbucizbrycuebvcuyz;La Caure;51;TR;50;100;10;0;0;5;5;0;15;80
2020;vbzuhbcoaizuiybcizn;Giroux;36;TNT;90;100;0;0;0;50;50;0;0;50
2020;vbzuhbcoaizuiybcizn;Giroux;36;TR;90;100;5;0;0;60;60;0;10;30
2020;vbzuhbcoaizuiybcizn;Giroux;36;TR;75;100;15;0;0;70;70;0;10;20
2020;vbzuhbcoaizuiybcizn;Giroux;36;TR;90;100;10;0;0;50;50;0;35;15
2020;148834;Guise;2;;;;;;;;;;;
2020;148834;Guise;2;;;;;;;;;;;
2020;148834;Guise;2;;;;;;;;;;;
2020;148834;Guise;2;;;;;;;;;;;
2020;148834;Guise;2;;100;100;70;0;0;0;0;0;50;50
2020;148834;Guise;2;;;;;;;;;;;
2020;MKD-F-2020-FR-A01-A-01,0-FR-FRG-GB3;Frévin Capelle;62;TNT;100;100;5;0;0;30;30;0;0;70
2020;MKD-F-2020-FR-A01-A-01,0-FR-FRG-GB3;Frévin Capelle;62;TR;;;;;;;;;;
2020;MKD-F-2020-FR-A01-A-01,0-FR-FRG-GB3;Frévin Capelle;62;TR;95;100;15;0;0;5;5;0;10;85
2020;MKD-F-2020-FR-A01-A-01,0-FR-FRG-GB3;Frévin Capelle;62;TR;95;100;20;0;5;10;10;0;20;65
2020;MKD-F-2020-FR-A01-A-01,0-FR-FRG-GB3;Frévin Capelle;62;TR;;;;;;;;;;
2020;MKD-F-2020-FR-A01-A-01,0-FR-FRG-GB3;Frévin Capelle;62;TR;;;;;;;;;;
2020;MKD-F-2020-FR-A20-B-01,0-FR-FRG-GB9;Frévin-capelle;62;TNT;;;;;;;;;;
2020;MKD-F-2020-FR-A20-B-01,0-FR-FRG-GB9;Frévin-capelle;62;TR;;;;;;;;;;
2020;MKD-F-2020-FR-A20-B-01,0-FR-FRG-GB9;Frévin-capelle;62;TR;;;;;;;;;;
2020;MKD-F-2020-FR-A20-B-01,0-FR-FRG-GB9;Frévin-capelle;62;TR;95;100;50;0;0;5;5;0;50;45
2020;MKD-F-2020-FR-A20-B-01,0-FR-FRG-GB9;Frévin-capelle;62;TR;;;;;;;;;;
2020;MKD-F-2020-FR-A20-B-01,0-FR-FRG-GB9;Frévin-capelle;62;TR;95;100;20;0;0;0;0;0;90;10
2020;MKD-F-2020-FR-A20-B-01,0-FR-FRG-GB9;Frévin-capelle;62;TR;;;;;;;;;;
2020;MKD-F-2020-FR-A20-B-01,0-FR-FRG-GB9;Frévin-capelle;62;TR;100;100;25;0;0;0;0;0;30;70
2020;plokacbhvcnnxcwcjdchzy;Bouquetot;27;TNT;;;;;;;;;;
2020;plokacbhvcnnxcwcjdchzy;Bouquetot;27;TR;;;;;;;;;;
2020;plokacbhvcnnxcwcjdchzy;Bouquetot;27;TR;;;;;;;;;;
2020;plokacbhvcnnxcwcjdchzy;Bouquetot;27;TR;;;;;;;;;;
2020;plokacbhvcnnxcwcjdchzy;Bouquetot;27;TR;;;;;;;;;;
2020;plokacbhvcnnxcwcjdchzy;Bouquetot;27;TNT;;;;;;;;;;
2020;plokacbhvcnnxcwcjdchzy;Bouquetot;27;TR;;;;;;;;;;
2020;plokacbhvcnnxcwcjdchzy;Bouquetot;27;TR;;;;;;;;;;
2020;plokacbhvcnnxcwcjdchzy;Bouquetot;27;TR;;;;;;;;;;
2020;plokacbhvcnnxcwcjdchzy;Bouquetot;27;TR;;;;;;;;;;
2020;DIJ052;Douains;27;TNT;;;;;;;;;;
2020;DIJ052;Douains;27;TR;;;;;;;;;;
2020;DIJ052;Douains;27;TR;;;;;;;;;;
2020;DIJ052;Douains;27;TR;;;;;;;;;;
2020;DIJ052;Douains;27;TR;;;;;;;;;;
2020;DIJ052;Douains;27;TR;;;;;;;;;;
2020;DIJ052;Douains;27;TR;;;;;;;;;;
2020;DIJ052;Douains;27;TR;;;;;;;;;;
2020;pokijchguieznouaebcibe;Is-sur-Tille;21;TR;90;95;20;0;0;50;50;0;20;30
2020;pokijchguieznouaebcibe;Is-sur-Tille;21;TR;90;100;20;0;5;15;15;0;30;50
2020;pokijchguieznouaebcibe;Is-sur-Tille;21;TR;90;100;30;0;5;35;35;0;25;35
2020;pokijchguieznouaebcibe;Is-sur-Tille;21;TR;85;100;25;0;0;10;10;0;0;90
2020;14799;Fresnes en Woevre;55;TNT;100;100;0;0;0;0;0;0;10;90
2020;14799;Fresnes en Woevre;55;TR;90;100;50;0;0;20;20;0;30;50
2020;14799;Fresnes en Woevre;55;TR;;;;;;;;;;
2020;14799;Fresnes en Woevre;55;TR;;;;;;;;;;
2020;14799;Fresnes en Woevre;55;TR;;;;;;;;;;
2020;14799;Fresnes en Woevre;55;TR;;;;;;;;;;
2020;14799;Fresnes en Woevre;55;TR;;;;;;;;;;
2020;TN323;Ploërmel;56;TNT;90;100;0;0;0;20;20;0;0;80
2020;lpcvbhvncizncbyrzbzrbvue;MEZIERES EN SANTERRE;80;TNT;90;100;20;0;0;15;15;0;20;65
2020;lpcvbhvncizncbyrzbzrbvue;MEZIERES EN SANTERRE;80;TR;100;100;30;0;0;10;10;0;30;60
2020;lpcvbhvncizncbyrzbzrbvue;MEZIERES EN SANTERRE;80;TR;100;100;40;0;0;10;10;0;10;80
2020;lpcvbhvncizncbyrzbzrbvue;MEZIERES EN SANTERRE;80;TR;90;100;90;0;0;0;0;0;90;10
2020;lpcvbhvncizncbyrzbzrbvue;MEZIERES EN SANTERRE;80;TR;90;100;40;0;0;0;0;0;15;85
2020;lpcvbhvncizncbyrzbzrbvue;MEZIERES EN SANTERRE;80;TR;90;100;70;0;0;10;10;0;70;20
2020;lpcvbhvncizncbyrzbzrbvue;MEZIERES EN SANTERRE;80;TR;90;100;90;0;0;20;20;0;10;70
2020;lpcvbhvncizncbyrzbzrbvue;MEZIERES EN SANTERRE;80;TR;90;100;50;0;0;20;20;0;15;65
2020;lpcvbhvncizncbyrzbzrbvue;MEZIERES EN SANTERRE;80;TR;90;100;30;0;0;0;0;0;90;10
2020;lpcvbhvncizncbyrzbzrbvue;MEZIERES EN SANTERRE;80;TR;60;100;90;0;0;0;0;0;90;10
2020;lpcvbhvncizncbyrzbzrbvue;MEZIERES EN SANTERRE;80;TR;100;100;65;0;0;0;0;0;90;10
2020;lpcvbhvncizncbyrzbzrbvue;MEZIERES EN SANTERRE;80;TR;90;100;100;0;0;10;10;0;25;65
2020;lpcvbhvncizncbyrzbzrbvue;MEZIERES EN SANTERRE;80;TR;100;100;100;0;0;5;5;0;90;5
2020;lpcvbhvncizncbyrzbzrbvue;MEZIERES EN SANTERRE;80;TR;;;;;;;;;;
2020;lpcvbhvncizncbyrzbzrbvue;MEZIERES EN SANTERRE;80;TR;95;100;60;0;0;0;0;0;25;75
2020;lpcvbhvncizncbyrzbzrbvue;MEZIERES EN SANTERRE;80;TR;;;;;;;;;;
2020;FR20FETRZAX133A;Wailly;62;TNT;;;;;;;;;;
2020;FR20FETRZAX133A;Wailly;62;TR;90;100;30;0;0;10;10;0;20;70
2020;FR20FETRZAX133A;Wailly;62;TR;;;;;;;;;;
2020;FR20FETRZAX133A;Wailly;62;TR;90;100;0;0;0;20;20;0;0;80
2020;FR20FETRZAX133A;Wailly;62;TR;90;100;50;0;0;10;10;0;25;65
2020;FR20FETRZAX133A;Wailly;62;TR;100;100;10;0;0;0;0;0;10;90
2020;FR20FETRZAX133A;Wailly;62;TR;;;;;;;;;;
2020;FR20FETRZAX133A;Wailly;62;TR;100;100;100;0;0;0;0;0;50;50
2020;FR20FETRZAX133A;Wailly;62;TR;;;;;;;;;;
2020;FR20FETRZAX133A;Wailly;62;TR;;;;;;;;;;
2020;FR20FETRZAX133A;Wailly;62;TR;;;;;;;;;;
2020;FR20FETRZAX133A;Wailly;62;TR;100;90;15;0;0;10;10;0;10;80
2020;FR20FETRZAX133A;Wailly;62;TR;;;;;;;;;;
2020;DIJ049;Bromeilles ;45;TNT;100;100;5;0;0;25;25;0;20;55
2020;DIJ049;Bromeilles ;45;TR;95;100;20;0;0;40;40;0;25;35
2020;DIJ049;Bromeilles ;45;TR;100;100;20;0;30;20;20;0;0;50
2020;DIJ049;Bromeilles ;45;TR;95;100;0;0;0;20;20;0;70;10
2020;DIJ049;Bromeilles ;45;TR;100;100;0;0;0;40;35;5;15;45
2020;148500;Cachy;80;TNT;95;100;15;0;0;10;10;0;30;60
2020;148501;Cachy;80;TR;100;100;40;0;0;0;0;0;15;85
2020;148502;Cachy;80;TR;100;100;10;0;0;0;0;0;20;80
2020;148503;Cachy;80;TR;;;;;;;;;;
2020;148504;Cachy;80;TR;15;90;0;0;0;0;0;0;10;90
2020;148505;Cachy;80;TR;60;100;0;0;0;20;20;0;30;50
2020;FR20FDTRZAX133B;Sailly le Sec;80;TNT;;;;;;;;;;
2020;FR20FDTRZAX133B;Sailly le Sec;80;TR;95;100;50;0;0;20;20;0;20;60
2020;FR20FDTRZAX133B;Sailly le Sec;80;TR;25;95;10;0;0;0;0;0;10;90
2020;FR20FDTRZAX133B;Sailly le Sec;80;TR;95;100;5;0;0;20;20;0;10;70
2020;FR20FDTRZAX133B;Sailly le Sec;80;TR;;;;;;;;;;
2020;FR20FDTRZAX133B;Sailly le Sec;80;TR;;;;;;;;;;
2020;FR20FDTRZAX133B;Sailly le Sec;80;TR;;;;;;;;;;
2020;FR20FDTRZAX133B;Sailly le Sec;80;TR;;;;;;;;;;
2020;FR20FDTRZAX133B;Sailly le Sec;80;TR;;;;;;;;;;
2020;FR20FDTRZAX133B;Sailly le Sec;80;TR;;;;;;;;;;
2020;FR20FDTRZAX133B;Sailly le Sec;80;TR;;;;;;;;;;
2020;FR20FDTRZAX133B;Sailly le Sec;80;TR;;;;;;;;;;
2020;FR20FDTRZAX133B;Sailly le Sec;80;TR;;;;;;;;;;
2020;FR20FDTRZAX133B;Sailly le Sec;80;TNT;;;;;;;;;;
2020;96CAGR2020-F-BTH-Performance(14)-NM;DOUVRES LA DELIVRANDE;14;TNT;;;;;;;;;;
2020;96CAGR2020-F-BTH-Performance(14)-NM;DOUVRES LA DELIVRANDE;14;TR;;;;;;;;;;
2020;96CAGR2020-F-BTH-Performance(14)-NM;DOUVRES LA DELIVRANDE;14;TR;;;;;;;;;;
2020;96CAGR2020-F-BTH-Performance(14)-NM;DOUVRES LA DELIVRANDE;14;TR;;;;;;;;;;
2020;96CAGR2020-F-BTH-Performance(14)-NM;DOUVRES LA DELIVRANDE;14;TR;;;;;;;;;;
2020;96CAGR2020-F-BTH-Performance(14)-NM;DOUVRES LA DELIVRANDE;14;TR;;;;;;;;;;
2020;96CAGR2020-F-BTH-Performance(14)-NM;DOUVRES LA DELIVRANDE;14;TR;;;;;;;;;;
2020;96CAGR2020-F-BTH-Performance(14)-NM;DOUVRES LA DELIVRANDE;14;TR;;;;;;;;;;
2020;148513;Neuville sur Ornain;55;TNT;100;100;0;0;0;10;10;0;0;90
2020;148513;Neuville sur Ornain;55;TR;100;100;0;0;0;0;0;0;50;50
2020;148513;Neuville sur Ornain;55;TR;;;;;;;;;;
2020;148513;Neuville sur Ornain;55;TR;;;;;;;;;;
2020;148513;Neuville sur Ornain;55;TR;;;;;;;;;;
2020;148513;Neuville sur Ornain;55;TR;;;;;;;;;;
2020;AN292;Sailly au Bois;62;TNT;100;100;20;0;0;10;10;0;80;10
2020;AN292;Sailly au Bois;62;TR;100;100;60;0;0;10;10;0;80;10
2020;AN292;Sailly au Bois;62;TR;;;;;;;;;;
2020;AN292;Sailly au Bois;62;TR;90;100;15;0;0;10;10;0;50;40
2020;AN292;Sailly au Bois;62;TR;90;100;50;0;0;10;10;0;50;40
2020;AN292;Sailly au Bois;62;TR;;;;;;;;;;
2020;AN292;Sailly au Bois;62;TR;100;100;50;0;0;10;10;0;80;10
2020;AN292;Sailly au Bois;62;TR;100;100;25;0;0;0;0;0;80;20
2020;AN292;Sailly au Bois;62;TR;;;;;;;;;;
2020;148503;Brunémont;59;TNT;90;100;80;0;0;20;20;0;40;40
2020;148503;Brunémont;59;TR;75;100;15;0;0;10;5;5;20;70
2020;148503;Brunémont;59;TR;90;100;0;0;0;5;5;0;15;80
2020;148503;Brunémont;59;TR;85;100;15;0;0;10;10;0;15;75
2020;148503;Brunémont;59;TR;95;100;10;0;0;0;0;0;20;80
2020;148503;Brunémont;59;TR;85;100;20;0;0;15;15;0;20;65
2020;407 - I3T14 - MONITO - TEMPAR;Marcelcave;80;TNT;85;100;25;0;0;10;10;0;25;65
2020;407 - I3T14 - MONITO - Modalité 009;Marcelcave;80;TR;;;;;;;;;;
2020;407 - I3T14 - MONITO - Modalité 010;Marcelcave;80;TR;85;85;15;0;0;10;10;0;15;75
2020;38CAGR2020-F-BTH-T1souches(14)-NM;ST Aubin  sur Mer;14;;;;;;;;;;;
2020;38CAGR2020-F-BTH-T1souches(14)-NM;ST Aubin  sur Mer;14;;;;;;;;;;;
2020;38CAGR2020-F-BTH-T1souches(14)-NM;ST Aubin  sur Mer;14;;;;;;;;;;;
2020;38CAGR2020-F-BTH-T1souches(14)-NM;ST Aubin  sur Mer;14;;;;;;;;;;;
2020;38CAGR2020-F-BTH-T1souches(14)-NM;ST Aubin  sur Mer;14;;;;;;;;;;;
2020;38CAGR2020-F-BTH-T1souches(14)-NM;ST Aubin  sur Mer;14;;;;;;;;;;;
2020;38CAGR2020-F-BTH-T1souches(14)-NM;ST Aubin  sur Mer;14;;;;;;;;;;;
2020;38CAGR2020-F-BTH-T1souches(14)-NM;ST Aubin  sur Mer;14;;;;;;;;;;;
2020;38CAGR2020-F-BTH-T1souches(14)-NM;ST Aubin  sur Mer;14;;;;;;;;;;;
2020;38CAGR2020-F-BTH-T1souches(14)-NM;ST Aubin  sur Mer;14;;;;;;;;;;;
2020;38CAGR2020-F-BTH-T1souches(14)-NM;ST Aubin  sur Mer;14;;;;;;;;;;;
2020;38CAGR2020-F-BTH-T1souches(14)-NM;ST Aubin  sur Mer;14;;;;;;;;;;;
2020;lqdkjvbhcnzjnch;Ploërmel;56;TR;;;;;;;;;;
2020;225-3T010A;ARGENTEUIL SUR ARMANCON;89;TNT;70;100;0;0;0;20;20;0;0;80
2020;225-3T010A;ARGENTEUIL SUR ARMANCON;89;TR;;;;;;;;;;
2020;225-3T010A;ARGENTEUIL SUR ARMANCON;89;TR;;;;;;;;;;
2020;kefbizecinzicbrbvuebcz;Sourdon;80;TNT;85;100;10;0;0;20;20;0;30;50
2020;kefbizecinzicbrbvuebcz;Sourdon;80;TR;85;100;5;0;0;10;10;0;20;70
2020;kefbizecinzicbrbvuebcz;Sourdon;80;TR;80;100;0;0;0;0;0;0;20;80
2020;kefbizecinzicbrbvuebcz;Sourdon;80;TR;100;100;0;0;0;5;5;0;10;85
